x-axis,1,2
second,Volt,Volt
-14.00000E-03,,
-13.97500E-03,-169.28385E-03,+3.13567E-03
-13.95000E-03,-169.28385E-03,-1.88946E-03
-13.92500E-03,-43.65571E-03,+10.67335E-03
-13.90000E-03,-93.90697E-03,-1.88946E-03
-13.87500E-03,-169.28385E-03,+10.67335E-03
-13.85000E-03,-169.28385E-03,+10.67335E-03
-13.82500E-03,+31.72117E-03,+10.67335E-03
-13.80000E-03,-169.28385E-03,+10.67335E-03
-13.77500E-03,-169.28385E-03,-1.88946E-03
-13.75000E-03,-169.28385E-03,+3.13567E-03
-13.72500E-03,-169.28385E-03,+10.67335E-03
-13.70000E-03,-169.28385E-03,+10.67335E-03
-13.67500E-03,-169.28385E-03,+3.13567E-03
-13.65000E-03,-169.28385E-03,+10.67335E-03
-13.62500E-03,-43.65571E-03,-1.88946E-03
-13.60000E-03,-169.28385E-03,+3.13567E-03
-13.57500E-03,-169.28385E-03,+10.67335E-03
-13.55000E-03,-169.28385E-03,+3.13567E-03
-13.52500E-03,-169.28385E-03,+10.67335E-03
-13.50000E-03,-169.28385E-03,+10.67335E-03
-13.47500E-03,-169.28385E-03,+10.67335E-03
-13.45000E-03,-169.28385E-03,-1.88946E-03
-13.42500E-03,-169.28385E-03,+10.67335E-03
-13.40000E-03,-93.90697E-03,+10.67335E-03
-13.37500E-03,-93.90697E-03,-1.88946E-03
-13.35000E-03,-169.28385E-03,+10.67335E-03
-13.32500E-03,-169.28385E-03,+3.13567E-03
-13.30000E-03,-169.28385E-03,-1.88946E-03
-13.27500E-03,-169.28385E-03,+10.67335E-03
-13.25000E-03,-43.65571E-03,+3.13567E-03
-13.22500E-03,-93.90697E-03,-1.88946E-03
-13.20000E-03,-169.28385E-03,-1.88946E-03
-13.17500E-03,-169.28385E-03,+10.67335E-03
-13.15000E-03,-169.28385E-03,+10.67335E-03
-13.12500E-03,-169.28385E-03,+3.13567E-03
-13.10000E-03,-93.90697E-03,-1.88946E-03
-13.07500E-03,-169.28385E-03,+10.67335E-03
-13.05000E-03,-43.65571E-03,+10.67335E-03
-13.02500E-03,-169.28385E-03,+3.13567E-03
-13.00000E-03,-169.28385E-03,+10.67335E-03
-12.97500E-03,-169.28385E-03,+10.67335E-03
-12.95000E-03,-169.28385E-03,+10.67335E-03
-12.92500E-03,-169.28385E-03,+10.67335E-03
-12.90000E-03,-169.28385E-03,+10.67335E-03
-12.87500E-03,-169.28385E-03,+10.67335E-03
-12.85000E-03,-169.28385E-03,+3.13567E-03
-12.82500E-03,-169.28385E-03,-1.88946E-03
-12.80000E-03,-169.28385E-03,-1.88946E-03
-12.77500E-03,-169.28385E-03,+10.67335E-03
-12.75000E-03,-169.28385E-03,+3.13567E-03
-12.72500E-03,-169.28385E-03,+10.67335E-03
-12.70000E-03,-169.28385E-03,-9.42715E-03
-12.67500E-03,-169.28385E-03,+10.67335E-03
-12.65000E-03,-169.28385E-03,-1.88946E-03
-12.62500E-03,-294.91199E-03,+10.67335E-03
-12.60000E-03,-93.90697E-03,+10.67335E-03
-12.57500E-03,-169.28385E-03,-9.42715E-03
-12.55000E-03,-169.28385E-03,+10.67335E-03
-12.52500E-03,-169.28385E-03,+10.67335E-03
-12.50000E-03,-169.28385E-03,+10.67335E-03
-12.47500E-03,-169.28385E-03,+10.67335E-03
-12.45000E-03,-169.28385E-03,-9.42715E-03
-12.42500E-03,-169.28385E-03,+10.67335E-03
-12.40000E-03,-169.28385E-03,+3.13567E-03
-12.37500E-03,-169.28385E-03,+10.67335E-03
-12.35000E-03,-169.28385E-03,-1.88946E-03
-12.32500E-03,-169.28385E-03,+3.13567E-03
-12.30000E-03,-169.28385E-03,+3.13567E-03
-12.27500E-03,-169.28385E-03,-1.88946E-03
-12.25000E-03,-93.90697E-03,+10.67335E-03
-12.22500E-03,-169.28385E-03,+10.67335E-03
-12.20000E-03,-169.28385E-03,+10.67335E-03
-12.17500E-03,-169.28385E-03,+10.67335E-03
-12.15000E-03,-169.28385E-03,-9.42715E-03
-12.12500E-03,-169.28385E-03,-1.88946E-03
-12.10000E-03,-169.28385E-03,-1.88946E-03
-12.07500E-03,-169.28385E-03,-1.88946E-03
-12.05000E-03,-93.90697E-03,+10.67335E-03
-12.02500E-03,-169.28385E-03,+3.13567E-03
-12.00000E-03,-169.28385E-03,+10.67335E-03
-11.97500E-03,-169.28385E-03,+10.67335E-03
-11.95000E-03,-93.90697E-03,+3.13567E-03
-11.92500E-03,-169.28385E-03,+10.67335E-03
-11.90000E-03,-169.28385E-03,+10.67335E-03
-11.87500E-03,-169.28385E-03,+10.67335E-03
-11.85000E-03,-169.28385E-03,+10.67335E-03
-11.82500E-03,-169.28385E-03,+10.67335E-03
-11.80000E-03,-169.28385E-03,+10.67335E-03
-11.77500E-03,-169.28385E-03,+10.67335E-03
-11.75000E-03,-43.65571E-03,-1.88946E-03
-11.72500E-03,-169.28385E-03,-1.88946E-03
-11.70000E-03,-169.28385E-03,+10.67335E-03
-11.67500E-03,-169.28385E-03,+10.67335E-03
-11.65000E-03,-169.28385E-03,-9.42715E-03
-11.62500E-03,-169.28385E-03,+10.67335E-03
-11.60000E-03,-169.28385E-03,+10.67335E-03
-11.57500E-03,-169.28385E-03,+10.67335E-03
-11.55000E-03,-169.28385E-03,+10.67335E-03
-11.52500E-03,-169.28385E-03,+10.67335E-03
-11.50000E-03,-169.28385E-03,+10.67335E-03
-11.47500E-03,-169.28385E-03,+18.21104E-03
-11.45000E-03,-169.28385E-03,-1.88946E-03
-11.42500E-03,-169.28385E-03,+3.13567E-03
-11.40000E-03,-169.28385E-03,+10.67335E-03
-11.37500E-03,-169.28385E-03,+10.67335E-03
-11.35000E-03,-169.28385E-03,-1.88946E-03
-11.32500E-03,-43.65571E-03,-1.88946E-03
-11.30000E-03,-169.28385E-03,+10.67335E-03
-11.27500E-03,-169.28385E-03,+10.67335E-03
-11.25000E-03,-169.28385E-03,+10.67335E-03
-11.22500E-03,-169.28385E-03,-1.88946E-03
-11.20000E-03,-169.28385E-03,-1.88946E-03
-11.17500E-03,-169.28385E-03,-1.88946E-03
-11.15000E-03,-169.28385E-03,-9.42715E-03
-11.12500E-03,-169.28385E-03,-9.42715E-03
-11.10000E-03,-169.28385E-03,+3.13567E-03
-11.07500E-03,-294.91199E-03,+3.13567E-03
-11.05000E-03,-93.90697E-03,+10.67335E-03
-11.02500E-03,-169.28385E-03,-9.42715E-03
-11.00000E-03,-169.28385E-03,+3.13567E-03
-10.97500E-03,-169.28385E-03,+10.67335E-03
-10.95000E-03,-169.28385E-03,+10.67335E-03
-10.92500E-03,-169.28385E-03,-1.88946E-03
-10.90000E-03,-169.28385E-03,+10.67335E-03
-10.87500E-03,-169.28385E-03,-1.88946E-03
-10.85000E-03,-169.28385E-03,-1.88946E-03
-10.82500E-03,-169.28385E-03,-1.88946E-03
-10.80000E-03,-169.28385E-03,+10.67335E-03
-10.77500E-03,-169.28385E-03,-9.42715E-03
-10.75000E-03,-169.28385E-03,+3.13567E-03
-10.72500E-03,-169.28385E-03,+3.13567E-03
-10.70000E-03,-169.28385E-03,-1.88946E-03
-10.67500E-03,-169.28385E-03,+3.13567E-03
-10.65000E-03,-169.28385E-03,-1.88946E-03
-10.62500E-03,-169.28385E-03,-9.42715E-03
-10.60000E-03,-169.28385E-03,-1.88946E-03
-10.57500E-03,-169.28385E-03,+3.13567E-03
-10.55000E-03,-43.65571E-03,+10.67335E-03
-10.52500E-03,-169.28385E-03,-1.88946E-03
-10.50000E-03,-169.28385E-03,+3.13567E-03
-10.47500E-03,-169.28385E-03,-9.42715E-03
-10.45000E-03,-169.28385E-03,+10.67335E-03
-10.42500E-03,-169.28385E-03,-1.88946E-03
-10.40000E-03,-169.28385E-03,-1.88946E-03
-10.37500E-03,-169.28385E-03,-1.88946E-03
-10.35000E-03,-169.28385E-03,-9.42715E-03
-10.32500E-03,-169.28385E-03,+3.13567E-03
-10.30000E-03,-169.28385E-03,-1.88946E-03
-10.27500E-03,-169.28385E-03,+10.67335E-03
-10.25000E-03,-169.28385E-03,-1.88946E-03
-10.22500E-03,-169.28385E-03,-1.88946E-03
-10.20000E-03,-169.28385E-03,+3.13567E-03
-10.17500E-03,-169.28385E-03,-1.88946E-03
-10.15000E-03,-169.28385E-03,+10.67335E-03
-10.12500E-03,-169.28385E-03,-1.88946E-03
-10.10000E-03,-169.28385E-03,-9.42715E-03
-10.07500E-03,-169.28385E-03,+10.67335E-03
-10.05000E-03,-169.28385E-03,-9.42715E-03
-10.02500E-03,-169.28385E-03,-1.88946E-03
-10.00000E-03,-169.28385E-03,+10.67335E-03
-9.97500E-03,-169.28385E-03,-1.88946E-03
-9.95000E-03,-169.28385E-03,-1.88946E-03
-9.92500E-03,-169.28385E-03,-9.42715E-03
-9.90000E-03,-169.28385E-03,+10.67335E-03
-9.87500E-03,-169.28385E-03,-1.88946E-03
-9.85000E-03,-169.28385E-03,+10.67335E-03
-9.82500E-03,-169.28385E-03,+3.13567E-03
-9.80000E-03,-169.28385E-03,+10.67335E-03
-9.77500E-03,-169.28385E-03,+10.67335E-03
-9.75000E-03,-169.28385E-03,-1.88946E-03
-9.72500E-03,-169.28385E-03,+10.67335E-03
-9.70000E-03,-169.28385E-03,-9.42715E-03
-9.67500E-03,-169.28385E-03,-1.88946E-03
-9.65000E-03,-169.28385E-03,+10.67335E-03
-9.62500E-03,-169.28385E-03,+10.67335E-03
-9.60000E-03,-169.28385E-03,-1.88946E-03
-9.57500E-03,-169.28385E-03,+10.67335E-03
-9.55000E-03,-169.28385E-03,+10.67335E-03
-9.52500E-03,-169.28385E-03,+3.13567E-03
-9.50000E-03,-169.28385E-03,+3.13567E-03
-9.47500E-03,-169.28385E-03,+3.13567E-03
-9.45000E-03,-169.28385E-03,-9.42715E-03
-9.42500E-03,-169.28385E-03,+10.67335E-03
-9.40000E-03,-169.28385E-03,-1.88946E-03
-9.37500E-03,-169.28385E-03,+10.67335E-03
-9.35000E-03,-169.28385E-03,+10.67335E-03
-9.32500E-03,-169.28385E-03,+3.13567E-03
-9.30000E-03,-169.28385E-03,+3.13567E-03
-9.27500E-03,-169.28385E-03,+3.13567E-03
-9.25000E-03,-244.66074E-03,+10.67335E-03
-9.22500E-03,-169.28385E-03,-1.88946E-03
-9.20000E-03,-169.28385E-03,+3.13567E-03
-9.17500E-03,-169.28385E-03,+3.13567E-03
-9.15000E-03,-169.28385E-03,-1.88946E-03
-9.12500E-03,-169.28385E-03,-1.88946E-03
-9.10000E-03,-169.28385E-03,-9.42715E-03
-9.07500E-03,-169.28385E-03,+10.67335E-03
-9.05000E-03,-169.28385E-03,-1.88946E-03
-9.02500E-03,-169.28385E-03,-9.42715E-03
-9.00000E-03,-169.28385E-03,-9.42715E-03
-8.97500E-03,-169.28385E-03,-9.42715E-03
-8.95000E-03,-169.28385E-03,-9.42715E-03
-8.92500E-03,-169.28385E-03,+10.67335E-03
-8.90000E-03,-169.28385E-03,+3.13567E-03
-8.87500E-03,-93.90697E-03,-1.88946E-03
-8.85000E-03,-169.28385E-03,+10.67335E-03
-8.82500E-03,-169.28385E-03,+10.67335E-03
-8.80000E-03,-169.28385E-03,+10.67335E-03
-8.77500E-03,-294.91199E-03,+10.67335E-03
-8.75000E-03,-169.28385E-03,+10.67335E-03
-8.72500E-03,-169.28385E-03,-9.42715E-03
-8.70000E-03,-169.28385E-03,+10.67335E-03
-8.67500E-03,-169.28385E-03,+10.67335E-03
-8.65000E-03,-169.28385E-03,-1.88946E-03
-8.62500E-03,-169.28385E-03,+3.13567E-03
-8.60000E-03,-169.28385E-03,+3.13567E-03
-8.57500E-03,-169.28385E-03,+3.13567E-03
-8.55000E-03,-169.28385E-03,+3.13567E-03
-8.52500E-03,-169.28385E-03,+10.67335E-03
-8.50000E-03,-169.28385E-03,+3.13567E-03
-8.47500E-03,-169.28385E-03,+10.67335E-03
-8.45000E-03,-169.28385E-03,-1.88946E-03
-8.42500E-03,-169.28385E-03,-1.88946E-03
-8.40000E-03,-169.28385E-03,+3.13567E-03
-8.37500E-03,-169.28385E-03,+10.67335E-03
-8.35000E-03,-169.28385E-03,+10.67335E-03
-8.32500E-03,-93.90697E-03,-9.42715E-03
-8.30000E-03,-169.28385E-03,-1.88946E-03
-8.27500E-03,-169.28385E-03,-1.88946E-03
-8.25000E-03,-169.28385E-03,+3.13567E-03
-8.22500E-03,-169.28385E-03,+10.67335E-03
-8.20000E-03,-169.28385E-03,-9.42715E-03
-8.17500E-03,-169.28385E-03,-9.42715E-03
-8.15000E-03,-169.28385E-03,+10.67335E-03
-8.12500E-03,-169.28385E-03,-1.88946E-03
-8.10000E-03,-169.28385E-03,+10.67335E-03
-8.07500E-03,-169.28385E-03,+10.67335E-03
-8.05000E-03,-169.28385E-03,+3.13567E-03
-8.02500E-03,-169.28385E-03,+10.67335E-03
-8.00000E-03,-169.28385E-03,+3.13567E-03
-7.97500E-03,-169.28385E-03,-9.42715E-03
-7.95000E-03,-169.28385E-03,+10.67335E-03
-7.92500E-03,-169.28385E-03,+3.13567E-03
-7.90000E-03,-169.28385E-03,+10.67335E-03
-7.87500E-03,-43.65571E-03,+3.13567E-03
-7.85000E-03,-169.28385E-03,-9.42715E-03
-7.82500E-03,-169.28385E-03,+3.13567E-03
-7.80000E-03,-169.28385E-03,-9.42715E-03
-7.77500E-03,-244.66074E-03,+3.13567E-03
-7.75000E-03,-169.28385E-03,+10.67335E-03
-7.72500E-03,-169.28385E-03,-1.88946E-03
-7.70000E-03,-169.28385E-03,-9.42715E-03
-7.67500E-03,-169.28385E-03,-1.88946E-03
-7.65000E-03,-169.28385E-03,+10.67335E-03
-7.62500E-03,-169.28385E-03,+10.67335E-03
-7.60000E-03,-169.28385E-03,+3.13567E-03
-7.57500E-03,-169.28385E-03,+3.13567E-03
-7.55000E-03,-169.28385E-03,-9.42715E-03
-7.52500E-03,-169.28385E-03,+10.67335E-03
-7.50000E-03,-169.28385E-03,+3.13567E-03
-7.47500E-03,-169.28385E-03,+10.67335E-03
-7.45000E-03,-169.28385E-03,+3.13567E-03
-7.42500E-03,-169.28385E-03,+3.13567E-03
-7.40000E-03,-169.28385E-03,+3.13567E-03
-7.37500E-03,-169.28385E-03,+10.67335E-03
-7.35000E-03,-93.90697E-03,-9.42715E-03
-7.32500E-03,-169.28385E-03,+10.67335E-03
-7.30000E-03,-169.28385E-03,+10.67335E-03
-7.27500E-03,-93.90697E-03,-9.42715E-03
-7.25000E-03,-93.90697E-03,+3.13567E-03
-7.22500E-03,-169.28385E-03,+3.13567E-03
-7.20000E-03,-169.28385E-03,+10.67335E-03
-7.17500E-03,-169.28385E-03,+10.67335E-03
-7.15000E-03,-169.28385E-03,+10.67335E-03
-7.12500E-03,-169.28385E-03,-1.88946E-03
-7.10000E-03,-169.28385E-03,+10.67335E-03
-7.07500E-03,-169.28385E-03,-1.88946E-03
-7.05000E-03,+31.72117E-03,+10.67335E-03
-7.02500E-03,-169.28385E-03,-9.42715E-03
-7.00000E-03,-169.28385E-03,+10.67335E-03
-6.97500E-03,-169.28385E-03,-1.88946E-03
-6.95000E-03,-43.65571E-03,+10.67335E-03
-6.92500E-03,-169.28385E-03,-9.42715E-03
-6.90000E-03,-169.28385E-03,+3.13567E-03
-6.87500E-03,-169.28385E-03,+10.67335E-03
-6.85000E-03,-169.28385E-03,+3.13567E-03
-6.82500E-03,-169.28385E-03,-9.42715E-03
-6.80000E-03,-169.28385E-03,-9.42715E-03
-6.77500E-03,-93.90697E-03,-1.88946E-03
-6.75000E-03,-169.28385E-03,+10.67335E-03
-6.72500E-03,-169.28385E-03,-9.42715E-03
-6.70000E-03,-169.28385E-03,-1.88946E-03
-6.67500E-03,-93.90697E-03,-9.42715E-03
-6.65000E-03,-169.28385E-03,-1.88946E-03
-6.62500E-03,-169.28385E-03,+10.67335E-03
-6.60000E-03,-43.65571E-03,+10.67335E-03
-6.57500E-03,-43.65571E-03,+10.67335E-03
-6.55000E-03,-169.28385E-03,-9.42715E-03
-6.52500E-03,-169.28385E-03,+3.13567E-03
-6.50000E-03,-43.65571E-03,+3.13567E-03
-6.47500E-03,-169.28385E-03,+3.13567E-03
-6.45000E-03,-169.28385E-03,+10.67335E-03
-6.42500E-03,-169.28385E-03,+3.13567E-03
-6.40000E-03,-93.90697E-03,-9.42715E-03
-6.37500E-03,-169.28385E-03,+3.13567E-03
-6.35000E-03,-169.28385E-03,+3.13567E-03
-6.32500E-03,-169.28385E-03,-1.88946E-03
-6.30000E-03,-93.90697E-03,+3.13567E-03
-6.27500E-03,-169.28385E-03,-1.88946E-03
-6.25000E-03,-169.28385E-03,-1.88946E-03
-6.22500E-03,-169.28385E-03,-9.42715E-03
-6.20000E-03,-169.28385E-03,-1.88946E-03
-6.17500E-03,+31.72117E-03,-1.88946E-03
-6.15000E-03,-43.65571E-03,-1.88946E-03
-6.12500E-03,-93.90697E-03,-9.42715E-03
-6.10000E-03,-93.90697E-03,-9.42715E-03
-6.07500E-03,-169.28385E-03,-9.42715E-03
-6.05000E-03,-169.28385E-03,+3.13567E-03
-6.02500E-03,-43.65571E-03,-1.88946E-03
-6.00000E-03,-169.28385E-03,-9.42715E-03
-5.97500E-03,-43.65571E-03,+3.13567E-03
-5.95000E-03,-43.65571E-03,+10.67335E-03
-5.92500E-03,-43.65571E-03,-9.42715E-03
-5.90000E-03,-169.28385E-03,-9.42715E-03
-5.87500E-03,-169.28385E-03,-1.88946E-03
-5.85000E-03,-43.65571E-03,-1.88946E-03
-5.82500E-03,-169.28385E-03,-1.88946E-03
-5.80000E-03,-93.90697E-03,+3.13567E-03
-5.77500E-03,-93.90697E-03,-9.42715E-03
-5.75000E-03,-169.28385E-03,-9.42715E-03
-5.72500E-03,-43.65571E-03,+10.67335E-03
-5.70000E-03,-43.65571E-03,+3.13567E-03
-5.67500E-03,-93.90697E-03,+10.67335E-03
-5.65000E-03,-169.28385E-03,+10.67335E-03
-5.62500E-03,+31.72117E-03,-1.88946E-03
-5.60000E-03,+31.72117E-03,+3.13567E-03
-5.57500E-03,-169.28385E-03,-1.88946E-03
-5.55000E-03,-169.28385E-03,-9.42715E-03
-5.52500E-03,-169.28385E-03,+10.67335E-03
-5.50000E-03,-43.65571E-03,-1.88946E-03
-5.47500E-03,-169.28385E-03,+10.67335E-03
-5.45000E-03,-93.90697E-03,+3.13567E-03
-5.42500E-03,-169.28385E-03,-1.88946E-03
-5.40000E-03,-169.28385E-03,+3.13567E-03
-5.37500E-03,-43.65571E-03,+3.13567E-03
-5.35000E-03,-169.28385E-03,-1.88946E-03
-5.32500E-03,+31.72117E-03,+3.13567E-03
-5.30000E-03,-169.28385E-03,-1.88946E-03
-5.27500E-03,-169.28385E-03,-1.88946E-03
-5.25000E-03,-169.28385E-03,-1.88946E-03
-5.22500E-03,+31.72117E-03,-9.42715E-03
-5.20000E-03,-169.28385E-03,-9.42715E-03
-5.17500E-03,-43.65571E-03,-1.88946E-03
-5.15000E-03,-169.28385E-03,-9.42715E-03
-5.12500E-03,-93.90697E-03,-9.42715E-03
-5.10000E-03,-93.90697E-03,-1.88946E-03
-5.07500E-03,-93.90697E-03,+3.13567E-03
-5.05000E-03,-169.28385E-03,+10.67335E-03
-5.02500E-03,-169.28385E-03,-9.42715E-03
-5.00000E-03,-93.90697E-03,+3.13567E-03
-4.97500E-03,-93.90697E-03,+3.13567E-03
-4.95000E-03,-43.65571E-03,-1.88946E-03
-4.92500E-03,-43.65571E-03,-1.88946E-03
-4.90000E-03,+31.72117E-03,+3.13567E-03
-4.87500E-03,-43.65571E-03,+10.67335E-03
-4.85000E-03,-169.28385E-03,-9.42715E-03
-4.82500E-03,+31.72117E-03,+3.13567E-03
-4.80000E-03,-169.28385E-03,+10.67335E-03
-4.77500E-03,-93.90697E-03,-9.42715E-03
-4.75000E-03,+31.72117E-03,+10.67335E-03
-4.72500E-03,-93.90697E-03,-9.42715E-03
-4.70000E-03,-43.65571E-03,+10.67335E-03
-4.67500E-03,+31.72117E-03,+10.67335E-03
-4.65000E-03,+31.72117E-03,+3.13567E-03
-4.62500E-03,+31.72117E-03,+10.67335E-03
-4.60000E-03,-169.28385E-03,+3.13567E-03
-4.57500E-03,+31.72117E-03,-1.88946E-03
-4.55000E-03,+31.72117E-03,-1.88946E-03
-4.52500E-03,+31.72117E-03,-9.42715E-03
-4.50000E-03,-169.28385E-03,-1.88946E-03
-4.47500E-03,-93.90697E-03,+3.13567E-03
-4.45000E-03,+31.72117E-03,+10.67335E-03
-4.42500E-03,-43.65571E-03,+10.67335E-03
-4.40000E-03,-93.90697E-03,-1.88946E-03
-4.37500E-03,+31.72117E-03,-9.42715E-03
-4.35000E-03,-43.65571E-03,+3.13567E-03
-4.32500E-03,-93.90697E-03,-1.88946E-03
-4.30000E-03,+31.72117E-03,+10.67335E-03
-4.27500E-03,+31.72117E-03,+10.67335E-03
-4.25000E-03,-43.65571E-03,-1.88946E-03
-4.22500E-03,+31.72117E-03,+3.13567E-03
-4.20000E-03,-93.90697E-03,-1.88946E-03
-4.17500E-03,+31.72117E-03,-1.88946E-03
-4.15000E-03,+31.72117E-03,+3.13567E-03
-4.12500E-03,+31.72117E-03,+3.13567E-03
-4.10000E-03,-169.28385E-03,+10.67335E-03
-4.07500E-03,-93.90697E-03,-9.42715E-03
-4.05000E-03,-43.65571E-03,+10.67335E-03
-4.02500E-03,+31.72117E-03,-9.42715E-03
-4.00000E-03,-43.65571E-03,+10.67335E-03
-3.97500E-03,-93.90697E-03,-9.42715E-03
-3.95000E-03,+31.72117E-03,+3.13567E-03
-3.92500E-03,-43.65571E-03,+10.67335E-03
-3.90000E-03,+31.72117E-03,-9.42715E-03
-3.87500E-03,-43.65571E-03,+3.13567E-03
-3.85000E-03,+31.72117E-03,-1.88946E-03
-3.82500E-03,-43.65571E-03,+10.67335E-03
-3.80000E-03,-43.65571E-03,+10.67335E-03
-3.77500E-03,+31.72117E-03,-1.88946E-03
-3.75000E-03,-93.90697E-03,-9.42715E-03
-3.72500E-03,-43.65571E-03,+3.13567E-03
-3.70000E-03,-43.65571E-03,+3.13567E-03
-3.67500E-03,-169.28385E-03,-9.42715E-03
-3.65000E-03,+31.72117E-03,-9.42715E-03
-3.62500E-03,-43.65571E-03,+10.67335E-03
-3.60000E-03,+31.72117E-03,-1.88946E-03
-3.57500E-03,+31.72117E-03,-1.88946E-03
-3.55000E-03,+31.72117E-03,-1.88946E-03
-3.52500E-03,-93.90697E-03,-1.88946E-03
-3.50000E-03,-93.90697E-03,-1.88946E-03
-3.47500E-03,+31.72117E-03,-9.42715E-03
-3.45000E-03,+31.72117E-03,+10.67335E-03
-3.42500E-03,-43.65571E-03,+10.67335E-03
-3.40000E-03,+31.72117E-03,-9.42715E-03
-3.37500E-03,-169.28385E-03,+3.13567E-03
-3.35000E-03,+31.72117E-03,+3.13567E-03
-3.32500E-03,+31.72117E-03,-9.42715E-03
-3.30000E-03,-93.90697E-03,+3.13567E-03
-3.27500E-03,-43.65571E-03,+3.13567E-03
-3.25000E-03,+31.72117E-03,+10.67335E-03
-3.22500E-03,+31.72117E-03,-1.88946E-03
-3.20000E-03,+31.72117E-03,-1.88946E-03
-3.17500E-03,+31.72117E-03,+3.13567E-03
-3.15000E-03,+31.72117E-03,-1.88946E-03
-3.12500E-03,-93.90697E-03,-1.88946E-03
-3.10000E-03,+31.72117E-03,-1.88946E-03
-3.07500E-03,-43.65571E-03,+3.13567E-03
-3.05000E-03,+31.72117E-03,-9.42715E-03
-3.02500E-03,-169.28385E-03,-1.88946E-03
-3.00000E-03,+31.72117E-03,-9.42715E-03
-2.97500E-03,+31.72117E-03,+3.13567E-03
-2.95000E-03,+31.72117E-03,+3.13567E-03
-2.92500E-03,+31.72117E-03,-1.88946E-03
-2.90000E-03,-43.65571E-03,-9.42715E-03
-2.87500E-03,+31.72117E-03,-1.88946E-03
-2.85000E-03,+31.72117E-03,+10.67335E-03
-2.82500E-03,+31.72117E-03,+10.67335E-03
-2.80000E-03,-93.90697E-03,+10.67335E-03
-2.77500E-03,+31.72117E-03,+3.13567E-03
-2.75000E-03,+31.72117E-03,-9.42715E-03
-2.72500E-03,+31.72117E-03,+3.13567E-03
-2.70000E-03,+31.72117E-03,-1.88946E-03
-2.67500E-03,+31.72117E-03,+10.67335E-03
-2.65000E-03,+31.72117E-03,-1.88946E-03
-2.62500E-03,+31.72117E-03,+10.67335E-03
-2.60000E-03,+31.72117E-03,+10.67335E-03
-2.57500E-03,+31.72117E-03,-1.88946E-03
-2.55000E-03,+31.72117E-03,+3.13567E-03
-2.52500E-03,+31.72117E-03,+3.13567E-03
-2.50000E-03,+31.72117E-03,-9.42715E-03
-2.47500E-03,+31.72117E-03,-9.42715E-03
-2.45000E-03,+31.72117E-03,+3.13567E-03
-2.42500E-03,+31.72117E-03,-1.88946E-03
-2.40000E-03,+31.72117E-03,+10.67335E-03
-2.37500E-03,+31.72117E-03,+10.67335E-03
-2.35000E-03,-93.90697E-03,+10.67335E-03
-2.32500E-03,+31.72117E-03,+10.67335E-03
-2.30000E-03,+31.72117E-03,+3.13567E-03
-2.27500E-03,+31.72117E-03,+10.67335E-03
-2.25000E-03,+31.72117E-03,+3.13567E-03
-2.22500E-03,+31.72117E-03,-9.42715E-03
-2.20000E-03,+31.72117E-03,-9.42715E-03
-2.17500E-03,+31.72117E-03,+10.67335E-03
-2.15000E-03,+31.72117E-03,-1.88946E-03
-2.12500E-03,+31.72117E-03,+10.67335E-03
-2.10000E-03,+31.72117E-03,-9.42715E-03
-2.07500E-03,+31.72117E-03,+10.67335E-03
-2.05000E-03,+31.72117E-03,-1.88946E-03
-2.02500E-03,+31.72117E-03,-9.42715E-03
-2.00000E-03,+31.72117E-03,+10.67335E-03
-1.97500E-03,-169.28385E-03,+3.13567E-03
-1.95000E-03,+31.72117E-03,-9.42715E-03
-1.92500E-03,+31.72117E-03,-9.42715E-03
-1.90000E-03,-43.65571E-03,-9.42715E-03
-1.87500E-03,+31.72117E-03,+10.67335E-03
-1.85000E-03,+31.72117E-03,+3.13567E-03
-1.82500E-03,+31.72117E-03,-1.88946E-03
-1.80000E-03,+31.72117E-03,+10.67335E-03
-1.77500E-03,+31.72117E-03,+10.67335E-03
-1.75000E-03,-93.90697E-03,+10.67335E-03
-1.72500E-03,+31.72117E-03,+3.13567E-03
-1.70000E-03,+31.72117E-03,+10.67335E-03
-1.67500E-03,+31.72117E-03,+10.67335E-03
-1.65000E-03,+31.72117E-03,+10.67335E-03
-1.62500E-03,-93.90697E-03,-1.88946E-03
-1.60000E-03,+31.72117E-03,+3.13567E-03
-1.57500E-03,+31.72117E-03,+3.13567E-03
-1.55000E-03,+31.72117E-03,+10.67335E-03
-1.52500E-03,-18.53008E-03,+3.13567E-03
-1.50000E-03,+31.72117E-03,-1.88946E-03
-1.47500E-03,+31.72117E-03,+10.67335E-03
-1.45000E-03,+31.72117E-03,-9.42715E-03
-1.42500E-03,+31.72117E-03,+10.67335E-03
-1.40000E-03,+31.72117E-03,+3.13567E-03
-1.37500E-03,+31.72117E-03,+3.13567E-03
-1.35000E-03,+31.72117E-03,+10.67335E-03
-1.32500E-03,+31.72117E-03,-9.42715E-03
-1.30000E-03,+31.72117E-03,+10.67335E-03
-1.27500E-03,+31.72117E-03,-1.88946E-03
-1.25000E-03,+107.09806E-03,+3.13567E-03
-1.22500E-03,+31.72117E-03,+10.67335E-03
-1.20000E-03,+31.72117E-03,+10.67335E-03
-1.17500E-03,+232.72620E-03,+10.67335E-03
-1.15000E-03,+31.72117E-03,+10.67335E-03
-1.12500E-03,+2.04177144E+00,+10.67335E-03
-1.10000E-03,+1.84076641E+00,+10.67335E-03
-1.07500E-03,+1.63976139E+00,+10.67335E-03
-1.05000E-03,+2.16739958E+00,+10.67335E-03
-1.02500E-03,+2.04177144E+00,+10.67335E-03
-1.00000E-03,+1.84076641E+00,+10.67335E-03
-975.00E-06,+1.63976139E+00,+10.67335E-03
-950.00E-06,+1.56438450E+00,+10.67335E-03
-925.00E-06,+1.43875636E+00,-1.88946E-03
-900.00E-06,+2.64478652E+00,-1.88946E-03
-875.00E-06,+2.44378150E+00,+3.13567E-03
-850.00E-06,+2.84579155E+00,+10.67335E-03
-825.00E-06,+2.84579155E+00,-9.42715E-03
-800.00E-06,+2.92116843E+00,+10.67335E-03
-775.00E-06,+3.04679658E+00,-9.42715E-03
-750.00E-06,+3.04679658E+00,-9.42715E-03
-725.00E-06,+3.12217346E+00,-1.88946E-03
-700.00E-06,+3.24780160E+00,-1.88946E-03
-675.00E-06,+3.24780160E+00,+10.67335E-03
-650.00E-06,+3.32317849E+00,+10.67335E-03
-625.00E-06,+3.44880663E+00,-1.88946E-03
-600.00E-06,+3.44880663E+00,+3.13567E-03
-575.00E-06,+3.44880663E+00,+10.67335E-03
-550.00E-06,+3.57443477E+00,-1.88946E-03
-525.00E-06,+3.64981166E+00,-1.88946E-03
-500.00E-06,+3.72518854E+00,-1.88946E-03
-475.00E-06,+3.72518854E+00,+10.67335E-03
-450.00E-06,+3.85081668E+00,+3.13567E-03
-425.00E-06,+3.97644482E+00,+10.67335E-03
-400.00E-06,+4.05182171E+00,-1.88946E-03
-375.00E-06,+4.05182171E+00,+3.13567E-03
-350.00E-06,+4.05182171E+00,+10.67335E-03
-325.00E-06,+4.25282674E+00,+10.67335E-03
-300.00E-06,+4.37845488E+00,-1.88946E-03
-275.00E-06,+4.32820362E+00,-9.42715E-03
-250.00E-06,+4.45383176E+00,+10.67335E-03
-225.00E-06,+4.45383176E+00,+10.67335E-03
-200.00E-06,+4.57945990E+00,+10.67335E-03
-175.00E-06,+4.65483679E+00,+10.67335E-03
-150.00E-06,+4.65483679E+00,+10.67335E-03
-125.00E-06,+4.78046493E+00,-1.88946E-03
-100.00E-06,+4.85584182E+00,+10.67335E-03
-75.00E-06,+4.85584182E+00,+10.67335E-03
-50.00E-06,+4.98146996E+00,-9.42715E-03
-25.00E-06,+5.05684684E+00,+10.67335E-03
+0.0E+00,+5.05684684E+00,-9.42715E-03
+25.00E-06,+5.25785187E+00,+3.13567E-03
+50.00E-06,+5.13222373E+00,-9.42715E-03
+75.00E-06,+5.25785187E+00,+3.13567E-03
+100.00E-06,+5.33322875E+00,+10.67335E-03
+125.00E-06,+5.25785187E+00,+3.13567E-03
+150.00E-06,+5.45885690E+00,+10.67335E-03
+175.00E-06,+5.45885690E+00,-1.88946E-03
+200.00E-06,+5.53423378E+00,+3.13567E-03
+225.00E-06,+5.65986192E+00,+10.67335E-03
+250.00E-06,+5.65986192E+00,+3.13567E-03
+275.00E-06,+5.65986192E+00,+3.13567E-03
+300.00E-06,+5.86086695E+00,+10.67335E-03
+325.00E-06,+5.93624383E+00,+10.67335E-03
+350.00E-06,+5.86086695E+00,-9.42715E-03
+375.00E-06,+5.93624383E+00,+10.67335E-03
+400.00E-06,+6.06187198E+00,-9.42715E-03
+425.00E-06,+6.06187198E+00,+10.67335E-03
+450.00E-06,+6.18750012E+00,+3.13567E-03
+475.00E-06,+6.26287700E+00,-1.88946E-03
+500.00E-06,+6.26287700E+00,+10.67335E-03
+525.00E-06,+6.26287700E+00,+10.67335E-03
+550.00E-06,+6.26287700E+00,+10.67335E-03
+575.00E-06,+6.46388203E+00,+3.13567E-03
+600.00E-06,+6.46388203E+00,+10.67335E-03
+625.00E-06,+6.66488706E+00,-9.42715E-03
+650.00E-06,+6.58951017E+00,+3.13567E-03
+675.00E-06,+6.66488706E+00,+10.67335E-03
+700.00E-06,+6.66488706E+00,+10.67335E-03
+725.00E-06,+6.86589208E+00,+10.67335E-03
+750.00E-06,+6.86589208E+00,+3.13567E-03
+775.00E-06,+6.94126897E+00,-9.42715E-03
+800.00E-06,+6.86589208E+00,+3.13567E-03
+825.00E-06,+6.99152022E+00,+3.13567E-03
+850.00E-06,+7.06689711E+00,+10.67335E-03
+875.00E-06,+7.06689711E+00,+10.67335E-03
+900.00E-06,+7.06689711E+00,+10.67335E-03
+925.00E-06,+7.26790214E+00,+3.13567E-03
+950.00E-06,+7.26790214E+00,+3.13567E-03
+975.00E-06,+7.26790214E+00,-1.88946E-03
+1.00000E-03,+7.26790214E+00,+3.13567E-03
+1.02500E-03,+7.46890716E+00,+10.67335E-03
+1.05000E-03,+7.46890716E+00,+10.67335E-03
+1.07500E-03,+7.46890716E+00,-1.88946E-03
+1.10000E-03,+7.66991219E+00,+10.67335E-03
+1.12500E-03,+7.54428405E+00,+10.67335E-03
+1.15000E-03,+7.66991219E+00,-1.88946E-03
+1.17500E-03,+7.66991219E+00,+3.13567E-03
+1.20000E-03,+7.66991219E+00,-1.88946E-03
+1.22500E-03,+7.74528907E+00,+10.67335E-03
+1.25000E-03,+7.79554033E+00,+10.67335E-03
+1.27500E-03,+7.87091722E+00,+3.13567E-03
+1.30000E-03,+7.87091722E+00,+10.67335E-03
+1.32500E-03,+7.87091722E+00,+10.67335E-03
+1.35000E-03,+7.99654536E+00,-1.88946E-03
+1.37500E-03,+8.07192224E+00,-1.88946E-03
+1.40000E-03,+8.07192224E+00,+10.67335E-03
+1.42500E-03,+8.07192224E+00,+10.67335E-03
+1.45000E-03,+8.19755038E+00,+10.67335E-03
+1.47500E-03,+8.14729913E+00,+10.67335E-03
+1.50000E-03,+8.07192224E+00,+10.67335E-03
+1.52500E-03,+8.27292727E+00,+10.67335E-03
+1.55000E-03,+8.27292727E+00,-9.42715E-03
+1.57500E-03,+8.27292727E+00,+10.67335E-03
+1.60000E-03,+8.27292727E+00,+3.13567E-03
+1.62500E-03,+8.47393230E+00,+3.13567E-03
+1.65000E-03,+8.34830415E+00,+10.67335E-03
+1.67500E-03,+8.47393230E+00,+10.67335E-03
+1.70000E-03,+8.47393230E+00,-9.42715E-03
+1.72500E-03,+8.54930918E+00,+10.67335E-03
+1.75000E-03,+8.47393230E+00,+10.67335E-03
+1.77500E-03,+8.47393230E+00,-9.42715E-03
+1.80000E-03,+8.67493732E+00,+10.67335E-03
+1.82500E-03,+8.59956044E+00,+10.67335E-03
+1.85000E-03,+8.67493732E+00,-1.88946E-03
+1.87500E-03,+8.67493732E+00,-1.88946E-03
+1.90000E-03,+8.67493732E+00,-1.88946E-03
+1.92500E-03,+8.80056546E+00,+10.67335E-03
+1.95000E-03,+8.67493732E+00,+10.67335E-03
+1.97500E-03,+8.87594235E+00,+10.67335E-03
+2.00000E-03,+8.87594235E+00,+3.13567E-03
+2.02500E-03,+8.87594235E+00,+10.67335E-03
+2.05000E-03,+8.87594235E+00,-9.42715E-03
+2.07500E-03,+8.95131923E+00,+3.13567E-03
+2.10000E-03,+9.00157049E+00,+10.67335E-03
+2.12500E-03,+9.00157049E+00,+10.67335E-03
+2.15000E-03,+9.00157049E+00,-1.88946E-03
+2.17500E-03,+9.07694738E+00,-1.88946E-03
+2.20000E-03,+9.07694738E+00,+10.67335E-03
+2.22500E-03,+9.07694738E+00,+3.13567E-03
+2.25000E-03,+9.07694738E+00,+3.13567E-03
+2.27500E-03,+9.07694738E+00,+10.67335E-03
+2.30000E-03,+9.20257552E+00,-9.42715E-03
+2.32500E-03,+9.20257552E+00,+10.67335E-03
+2.35000E-03,+9.27795240E+00,-9.42715E-03
+2.37500E-03,+9.15232426E+00,+10.67335E-03
+2.40000E-03,+9.15232426E+00,+10.67335E-03
+2.42500E-03,+9.27795240E+00,+10.67335E-03
+2.45000E-03,+9.15232426E+00,+10.67335E-03
+2.47500E-03,+9.27795240E+00,+3.13567E-03
+2.50000E-03,+9.27795240E+00,+3.13567E-03
+2.52500E-03,+9.35332929E+00,-1.88946E-03
+2.55000E-03,+9.27795240E+00,-1.88946E-03
+2.57500E-03,+9.27795240E+00,-1.88946E-03
+2.60000E-03,+9.47895743E+00,+10.67335E-03
+2.62500E-03,+9.35332929E+00,+10.67335E-03
+2.65000E-03,+9.27795240E+00,-1.88946E-03
+2.67500E-03,+9.47895743E+00,-1.88946E-03
+2.70000E-03,+9.47895743E+00,+10.67335E-03
+2.72500E-03,+9.27795240E+00,+3.13567E-03
+2.75000E-03,+9.47895743E+00,-1.88946E-03
+2.77500E-03,+9.47895743E+00,+10.67335E-03
+2.80000E-03,+9.47895743E+00,+10.67335E-03
+2.82500E-03,+9.47895743E+00,+10.67335E-03
+2.85000E-03,+9.47895743E+00,+10.67335E-03
+2.87500E-03,+9.47895743E+00,+3.13567E-03
+2.90000E-03,+9.47895743E+00,+10.67335E-03
+2.92500E-03,+9.60458557E+00,-1.88946E-03
+2.95000E-03,+9.47895743E+00,-1.88946E-03
+2.97500E-03,+9.47895743E+00,+3.13567E-03
+3.00000E-03,+9.60458557E+00,-1.88946E-03
+3.02500E-03,+9.55433431E+00,+10.67335E-03
+3.05000E-03,+9.47895743E+00,+3.13567E-03
+3.07500E-03,+9.47895743E+00,-9.42715E-03
+3.10000E-03,+9.47895743E+00,+10.67335E-03
+3.12500E-03,+9.47895743E+00,+10.67335E-03
+3.15000E-03,+9.55433431E+00,+10.67335E-03
+3.17500E-03,+9.55433431E+00,-1.88946E-03
+3.20000E-03,+9.55433431E+00,-9.42715E-03
+3.22500E-03,+9.47895743E+00,+10.67335E-03
+3.25000E-03,+9.47895743E+00,+10.67335E-03
+3.27500E-03,+9.55433431E+00,-9.42715E-03
+3.30000E-03,+9.47895743E+00,+10.67335E-03
+3.32500E-03,+9.55433431E+00,+10.67335E-03
+3.35000E-03,+9.47895743E+00,+10.67335E-03
+3.37500E-03,+9.55433431E+00,+3.13567E-03
+3.40000E-03,+9.47895743E+00,+3.13567E-03
+3.42500E-03,+9.47895743E+00,+10.67335E-03
+3.45000E-03,+9.47895743E+00,+3.13567E-03
+3.47500E-03,+9.47895743E+00,+10.67335E-03
+3.50000E-03,+9.47895743E+00,+3.13567E-03
+3.52500E-03,+9.47895743E+00,-9.42715E-03
+3.55000E-03,+9.47895743E+00,+10.67335E-03
+3.57500E-03,+9.47895743E+00,+3.13567E-03
+3.60000E-03,+9.47895743E+00,+3.13567E-03
+3.62500E-03,+9.47895743E+00,+3.13567E-03
+3.65000E-03,+9.60458557E+00,+10.67335E-03
+3.67500E-03,+9.47895743E+00,+10.67335E-03
+3.70000E-03,+9.47895743E+00,+10.67335E-03
+3.72500E-03,+9.47895743E+00,+10.67335E-03
+3.75000E-03,+9.47895743E+00,-1.88946E-03
+3.77500E-03,+9.47895743E+00,+10.67335E-03
+3.80000E-03,+9.47895743E+00,+3.13567E-03
+3.82500E-03,+9.47895743E+00,+10.67335E-03
+3.85000E-03,+9.40358054E+00,+10.67335E-03
+3.87500E-03,+9.27795240E+00,+10.67335E-03
+3.90000E-03,+9.27795240E+00,-1.88946E-03
+3.92500E-03,+9.35332929E+00,-1.88946E-03
+3.95000E-03,+9.35332929E+00,+10.67335E-03
+3.97500E-03,+9.27795240E+00,-1.88946E-03
+4.00000E-03,+9.27795240E+00,-1.88946E-03
+4.02500E-03,+9.27795240E+00,+10.67335E-03
+4.05000E-03,+9.27795240E+00,+10.67335E-03
+4.07500E-03,+9.27795240E+00,+10.67335E-03
+4.10000E-03,+9.15232426E+00,+10.67335E-03
+4.12500E-03,+9.07694738E+00,+10.67335E-03
+4.15000E-03,+9.20257552E+00,+10.67335E-03
+4.17500E-03,+9.20257552E+00,+10.67335E-03
+4.20000E-03,+9.20257552E+00,+10.67335E-03
+4.22500E-03,+9.15232426E+00,+3.13567E-03
+4.25000E-03,+9.20257552E+00,+10.67335E-03
+4.27500E-03,+9.00157049E+00,+10.67335E-03
+4.30000E-03,+9.00157049E+00,+10.67335E-03
+4.32500E-03,+8.87594235E+00,-1.88946E-03
+4.35000E-03,+9.00157049E+00,+10.67335E-03
+4.37500E-03,+9.00157049E+00,-1.88946E-03
+4.40000E-03,+8.87594235E+00,+10.67335E-03
+4.42500E-03,+8.87594235E+00,-1.88946E-03
+4.45000E-03,+8.87594235E+00,-9.42715E-03
+4.47500E-03,+8.75031421E+00,-1.88946E-03
+4.50000E-03,+8.67493732E+00,+10.67335E-03
+4.52500E-03,+8.80056546E+00,-1.88946E-03
+4.55000E-03,+8.80056546E+00,+10.67335E-03
+4.57500E-03,+8.75031421E+00,+10.67335E-03
+4.60000E-03,+8.67493732E+00,+3.13567E-03
+4.62500E-03,+8.67493732E+00,+3.13567E-03
+4.65000E-03,+8.67493732E+00,+10.67335E-03
+4.67500E-03,+8.47393230E+00,-1.88946E-03
+4.70000E-03,+8.59956044E+00,+10.67335E-03
+4.72500E-03,+8.47393230E+00,+10.67335E-03
+4.75000E-03,+8.47393230E+00,+10.67335E-03
+4.77500E-03,+8.47393230E+00,+3.13567E-03
+4.80000E-03,+8.39855541E+00,+3.13567E-03
+4.82500E-03,+8.39855541E+00,-9.42715E-03
+4.85000E-03,+8.47393230E+00,-1.88946E-03
+4.87500E-03,+8.27292727E+00,+10.67335E-03
+4.90000E-03,+8.27292727E+00,-1.88946E-03
+4.92500E-03,+8.27292727E+00,+10.67335E-03
+4.95000E-03,+8.19755038E+00,+10.67335E-03
+4.97500E-03,+8.19755038E+00,+3.13567E-03
+5.00000E-03,+8.07192224E+00,+10.67335E-03
+5.02500E-03,+8.07192224E+00,+10.67335E-03
+5.05000E-03,+8.07192224E+00,-1.88946E-03
+5.07500E-03,+7.94629410E+00,+10.67335E-03
+5.10000E-03,+7.94629410E+00,-1.88946E-03
+5.12500E-03,+7.87091722E+00,-1.88946E-03
+5.15000E-03,+8.07192224E+00,-1.88946E-03
+5.17500E-03,+7.87091722E+00,+10.67335E-03
+5.20000E-03,+7.87091722E+00,+10.67335E-03
+5.22500E-03,+7.66991219E+00,+10.67335E-03
+5.25000E-03,+7.66991219E+00,+10.67335E-03
+5.27500E-03,+7.66991219E+00,+10.67335E-03
+5.30000E-03,+7.66991219E+00,+10.67335E-03
+5.32500E-03,+7.46890716E+00,-1.88946E-03
+5.35000E-03,+7.46890716E+00,-1.88946E-03
+5.37500E-03,+7.46890716E+00,+10.67335E-03
+5.40000E-03,+7.46890716E+00,+10.67335E-03
+5.42500E-03,+7.26790214E+00,-1.88946E-03
+5.45000E-03,+7.46890716E+00,+10.67335E-03
+5.47500E-03,+7.26790214E+00,-1.88946E-03
+5.50000E-03,+7.26790214E+00,+10.67335E-03
+5.52500E-03,+7.26790214E+00,+10.67335E-03
+5.55000E-03,+7.19252525E+00,+10.67335E-03
+5.57500E-03,+7.19252525E+00,+10.67335E-03
+5.60000E-03,+7.06689711E+00,-1.88946E-03
+5.62500E-03,+7.06689711E+00,-1.88946E-03
+5.65000E-03,+6.86589208E+00,+10.67335E-03
+5.67500E-03,+6.94126897E+00,+3.13567E-03
+5.70000E-03,+6.74026394E+00,-1.88946E-03
+5.72500E-03,+6.86589208E+00,+3.13567E-03
+5.75000E-03,+6.79051520E+00,-9.42715E-03
+5.77500E-03,+6.66488706E+00,+10.67335E-03
+5.80000E-03,+6.66488706E+00,+3.13567E-03
+5.82500E-03,+6.46388203E+00,-1.88946E-03
+5.85000E-03,+6.46388203E+00,+10.67335E-03
+5.87500E-03,+6.46388203E+00,+10.67335E-03
+5.90000E-03,+6.46388203E+00,+10.67335E-03
+5.92500E-03,+6.46388203E+00,+10.67335E-03
+5.95000E-03,+6.38850514E+00,+10.67335E-03
+5.97500E-03,+6.26287700E+00,+10.67335E-03
+6.00000E-03,+6.26287700E+00,-1.88946E-03
+6.02500E-03,+6.06187198E+00,+10.67335E-03
+6.05000E-03,+6.06187198E+00,-1.88946E-03
+6.07500E-03,+6.06187198E+00,+3.13567E-03
+6.10000E-03,+6.06187198E+00,-1.88946E-03
+6.12500E-03,+5.93624383E+00,+3.13567E-03
+6.15000E-03,+5.86086695E+00,+10.67335E-03
+6.17500E-03,+5.78549006E+00,+3.13567E-03
+6.20000E-03,+5.73523881E+00,+3.13567E-03
+6.22500E-03,+5.65986192E+00,+23.23617E-03
+6.25000E-03,+5.53423378E+00,-9.42715E-03
+6.27500E-03,+5.53423378E+00,+10.67335E-03
+6.30000E-03,+5.45885690E+00,+10.67335E-03
+6.32500E-03,+5.45885690E+00,+10.67335E-03
+6.35000E-03,+5.33322875E+00,+10.67335E-03
+6.37500E-03,+5.33322875E+00,+10.67335E-03
+6.40000E-03,+5.25785187E+00,+10.67335E-03
+6.42500E-03,+5.25785187E+00,+3.13567E-03
+6.45000E-03,+5.05684684E+00,+3.13567E-03
+6.47500E-03,+5.05684684E+00,+3.13567E-03
+6.50000E-03,+5.05684684E+00,+3.13567E-03
+6.52500E-03,+4.85584182E+00,+10.67335E-03
+6.55000E-03,+4.85584182E+00,+3.13567E-03
+6.57500E-03,+4.85584182E+00,+3.13567E-03
+6.60000E-03,+4.78046493E+00,+10.67335E-03
+6.62500E-03,+4.78046493E+00,+10.67335E-03
+6.65000E-03,+4.65483679E+00,+3.13567E-03
+6.67500E-03,+4.52920865E+00,-1.88946E-03
+6.70000E-03,+4.45383176E+00,-1.88946E-03
+6.72500E-03,+4.45383176E+00,+10.67335E-03
+6.75000E-03,+4.37845488E+00,+10.67335E-03
+6.77500E-03,+4.25282674E+00,+10.67335E-03
+6.80000E-03,+4.05182171E+00,+10.67335E-03
+6.82500E-03,+4.05182171E+00,+10.67335E-03
+6.85000E-03,+4.05182171E+00,+10.67335E-03
+6.87500E-03,+4.05182171E+00,+10.67335E-03
+6.90000E-03,+3.92619357E+00,+10.67335E-03
+6.92500E-03,+3.85081668E+00,+10.67335E-03
+6.95000E-03,+3.64981166E+00,+10.67335E-03
+6.97500E-03,+3.77543980E+00,+10.67335E-03
+7.00000E-03,+3.52418351E+00,+10.67335E-03
+7.02500E-03,+3.57443477E+00,+10.67335E-03
+7.05000E-03,+3.44880663E+00,+10.67335E-03
+7.07500E-03,+3.44880663E+00,+10.67335E-03
+7.10000E-03,+3.32317849E+00,+10.67335E-03
+7.12500E-03,+3.44880663E+00,-1.88946E-03
+7.15000E-03,+3.12217346E+00,+10.67335E-03
+7.17500E-03,+3.24780160E+00,+10.67335E-03
+7.20000E-03,+3.17242472E+00,-9.42715E-03
+7.22500E-03,+3.04679658E+00,+10.67335E-03
+7.25000E-03,+3.04679658E+00,+10.67335E-03
+7.27500E-03,+2.84579155E+00,-1.88946E-03
+7.30000E-03,+2.72016341E+00,+10.67335E-03
+7.32500E-03,+2.64478652E+00,+10.67335E-03
+7.35000E-03,+2.64478652E+00,-9.42715E-03
+7.37500E-03,+2.64478652E+00,-1.88946E-03
+7.40000E-03,+2.64478652E+00,+3.13567E-03
+7.42500E-03,+2.44378150E+00,-1.88946E-03
+7.45000E-03,+2.36840461E+00,-1.88946E-03
+7.47500E-03,+2.24277647E+00,+10.67335E-03
+7.50000E-03,+2.24277647E+00,+3.13567E-03
+7.52500E-03,+2.16739958E+00,+3.13567E-03
+7.55000E-03,+1.96639456E+00,+10.67335E-03
+7.57500E-03,+2.04177144E+00,-9.42715E-03
+7.60000E-03,+1.91614330E+00,+3.13567E-03
+7.62500E-03,+1.84076641E+00,+10.67335E-03
+7.65000E-03,+1.63976139E+00,+10.67335E-03
+7.67500E-03,+1.63976139E+00,+3.13567E-03
+7.70000E-03,+1.63976139E+00,+10.67335E-03
+7.72500E-03,+1.51413325E+00,+3.13567E-03
+7.75000E-03,+1.56438450E+00,+3.13567E-03
+7.77500E-03,+1.43875636E+00,+3.13567E-03
+7.80000E-03,+1.31312822E+00,-9.42715E-03
+7.82500E-03,+1.23775133E+00,+10.67335E-03
+7.85000E-03,+1.16237445E+00,+10.67335E-03
+7.87500E-03,+1.03674631E+00,+3.13567E-03
+7.90000E-03,+1.03674631E+00,+10.67335E-03
+7.92500E-03,+961.36942E-03,+10.67335E-03
+7.95000E-03,+835.74128E-03,+3.13567E-03
+7.97500E-03,+760.36440E-03,+3.13567E-03
+8.00000E-03,+634.73625E-03,+3.13567E-03
+8.02500E-03,+634.73625E-03,+10.67335E-03
+8.05000E-03,+433.73123E-03,+10.67335E-03
+8.07500E-03,+433.73123E-03,+10.67335E-03
+8.10000E-03,+358.35434E-03,+10.67335E-03
+8.12500E-03,+358.35434E-03,+10.67335E-03
+8.15000E-03,+157.34932E-03,-9.42715E-03
+8.17500E-03,+107.09806E-03,-1.88946E-03
+8.20000E-03,+31.72117E-03,-1.88946E-03
+8.22500E-03,+31.72117E-03,-1.88946E-03
+8.25000E-03,-169.28385E-03,-1.88946E-03
+8.27500E-03,-169.28385E-03,-1.88946E-03
+8.30000E-03,-244.66074E-03,-1.88946E-03
+8.32500E-03,-244.66074E-03,+10.67335E-03
+8.35000E-03,-370.28888E-03,-1.88946E-03
+8.37500E-03,-445.66576E-03,+3.13567E-03
+8.40000E-03,-571.29391E-03,+3.13567E-03
+8.42500E-03,-571.29391E-03,+10.67335E-03
+8.45000E-03,-646.67079E-03,-1.88946E-03
+8.47500E-03,-646.67079E-03,+3.13567E-03
+8.50000E-03,-646.67079E-03,+10.67335E-03
+8.52500E-03,-772.29893E-03,+10.67335E-03
+8.55000E-03,-847.67582E-03,-1.88946E-03
+8.57500E-03,-847.67582E-03,-1.88946E-03
+8.60000E-03,-973.30396E-03,-9.42715E-03
+8.62500E-03,-1.04868084E+00,+3.13567E-03
+8.65000E-03,-1.09893210E+00,-1.88946E-03
+8.67500E-03,-1.17430899E+00,+10.67335E-03
+8.70000E-03,-1.17430899E+00,+10.67335E-03
+8.72500E-03,-1.29993713E+00,+10.67335E-03
+8.75000E-03,-1.17430899E+00,+3.13567E-03
+8.77500E-03,-1.37531401E+00,-9.42715E-03
+8.80000E-03,-1.37531401E+00,+3.13567E-03
+8.82500E-03,-1.37531401E+00,+3.13567E-03
+8.85000E-03,-1.37531401E+00,+3.13567E-03
+8.87500E-03,-1.50094215E+00,-1.88946E-03
+8.90000E-03,-1.57631904E+00,+10.67335E-03
+8.92500E-03,-1.65169592E+00,+10.67335E-03
+8.95000E-03,-1.65169592E+00,-9.42715E-03
+8.97500E-03,-1.70194718E+00,-9.42715E-03
+9.00000E-03,-1.77732407E+00,+3.13567E-03
+9.02500E-03,-1.90295221E+00,+3.13567E-03
+9.05000E-03,-1.97832909E+00,-9.42715E-03
+9.07500E-03,-1.85270095E+00,+3.13567E-03
+9.10000E-03,-1.90295221E+00,+3.13567E-03
+9.12500E-03,-1.97832909E+00,+10.67335E-03
+9.15000E-03,-1.97832909E+00,+10.67335E-03
+9.17500E-03,-2.17933412E+00,+3.13567E-03
+9.20000E-03,-2.17933412E+00,+3.13567E-03
+9.22500E-03,-2.17933412E+00,+10.67335E-03
+9.25000E-03,-2.30496226E+00,-9.42715E-03
+9.27500E-03,-2.25471100E+00,-1.88946E-03
+9.30000E-03,-2.38033915E+00,+10.67335E-03
+9.32500E-03,-2.38033915E+00,+3.13567E-03
+9.35000E-03,-2.50596729E+00,-1.88946E-03
+9.37500E-03,-2.58134417E+00,-1.88946E-03
+9.40000E-03,-2.38033915E+00,+3.13567E-03
+9.42500E-03,-2.58134417E+00,-9.42715E-03
+9.45000E-03,-2.58134417E+00,+10.67335E-03
+9.47500E-03,-2.58134417E+00,+3.13567E-03
+9.50000E-03,-2.78234920E+00,-9.42715E-03
+9.52500E-03,-2.65672106E+00,-1.88946E-03
+9.55000E-03,-2.85772608E+00,-1.88946E-03
+9.57500E-03,-2.98335423E+00,+10.67335E-03
+9.60000E-03,-2.78234920E+00,+10.67335E-03
+9.62500E-03,-2.85772608E+00,+10.67335E-03
+9.65000E-03,-2.85772608E+00,-9.42715E-03
+9.67500E-03,-3.05873111E+00,-1.88946E-03
+9.70000E-03,-3.18435925E+00,+10.67335E-03
+9.72500E-03,-3.18435925E+00,-9.42715E-03
+9.75000E-03,-3.18435925E+00,+10.67335E-03
+9.77500E-03,-3.18435925E+00,+10.67335E-03
+9.80000E-03,-3.30998739E+00,-1.88946E-03
+9.82500E-03,-3.38536428E+00,+3.13567E-03
+9.85000E-03,-3.38536428E+00,-9.42715E-03
+9.87500E-03,-3.38536428E+00,+3.13567E-03
+9.90000E-03,-3.38536428E+00,-9.42715E-03
+9.92500E-03,-3.46074116E+00,+3.13567E-03
+9.95000E-03,-3.58636931E+00,+3.13567E-03
+9.97500E-03,-3.71199745E+00,-1.88946E-03
+10.00000E-03,-3.58636931E+00,+10.67335E-03
+10.02500E-03,-3.58636931E+00,-9.42715E-03
+10.05000E-03,-3.66174619E+00,+3.13567E-03
+10.07500E-03,-3.66174619E+00,-9.42715E-03
+10.10000E-03,-3.66174619E+00,-9.42715E-03
+10.12500E-03,-3.78737433E+00,+3.13567E-03
+10.15000E-03,-3.86275122E+00,-9.42715E-03
+10.17500E-03,-3.91300247E+00,+10.67335E-03
+10.20000E-03,-3.91300247E+00,+3.13567E-03
+10.22500E-03,-3.98837936E+00,-9.42715E-03
+10.25000E-03,-3.98837936E+00,-9.42715E-03
+10.27500E-03,-4.11400750E+00,-1.88946E-03
+10.30000E-03,-4.11400750E+00,+10.67335E-03
+10.32500E-03,-4.06375624E+00,+10.67335E-03
+10.35000E-03,-4.18938439E+00,-1.88946E-03
+10.37500E-03,-4.18938439E+00,+10.67335E-03
+10.40000E-03,-4.18938439E+00,-9.42715E-03
+10.42500E-03,-4.18938439E+00,+10.67335E-03
+10.45000E-03,-4.39038941E+00,+3.13567E-03
+10.47500E-03,-4.39038941E+00,-1.88946E-03
+10.50000E-03,-4.51601755E+00,+10.67335E-03
+10.52500E-03,-4.39038941E+00,+3.13567E-03
+10.55000E-03,-4.46576630E+00,-9.42715E-03
+10.57500E-03,-4.46576630E+00,-1.88946E-03
+10.60000E-03,-4.39038941E+00,-1.88946E-03
+10.62500E-03,-4.59139444E+00,+10.67335E-03
+10.65000E-03,-4.59139444E+00,-1.88946E-03
+10.67500E-03,-4.79239947E+00,-9.42715E-03
+10.70000E-03,-4.66677132E+00,+10.67335E-03
+10.72500E-03,-4.79239947E+00,+10.67335E-03
+10.75000E-03,-4.91802761E+00,+10.67335E-03
+10.77500E-03,-4.79239947E+00,+10.67335E-03
+10.80000E-03,-4.91802761E+00,-9.42715E-03
+10.82500E-03,-4.99340449E+00,+3.13567E-03
+10.85000E-03,-4.79239947E+00,-9.42715E-03
+10.87500E-03,-4.99340449E+00,+3.13567E-03
+10.90000E-03,-4.86777635E+00,+10.67335E-03
+10.92500E-03,-4.99340449E+00,+10.67335E-03
+10.95000E-03,-4.99340449E+00,+10.67335E-03
+10.97500E-03,-4.99340449E+00,-1.88946E-03
+11.00000E-03,-4.99340449E+00,+3.13567E-03
+11.02500E-03,-5.19440952E+00,-9.42715E-03
+11.05000E-03,-5.32003766E+00,-1.88946E-03
+11.07500E-03,-5.19440952E+00,-9.42715E-03
+11.10000E-03,-5.19440952E+00,+10.67335E-03
+11.12500E-03,-5.19440952E+00,+10.67335E-03
+11.15000E-03,-5.32003766E+00,-1.88946E-03
+11.17500E-03,-5.26978640E+00,-9.42715E-03
+11.20000E-03,-5.26978640E+00,-1.88946E-03
+11.22500E-03,-5.39541455E+00,-9.42715E-03
+11.25000E-03,-5.39541455E+00,+10.67335E-03
+11.27500E-03,-5.39541455E+00,+10.67335E-03
+11.30000E-03,-5.52104269E+00,+3.13567E-03
+11.32500E-03,-5.52104269E+00,-1.88946E-03
+11.35000E-03,-5.39541455E+00,-9.42715E-03
+11.37500E-03,-5.59641957E+00,-9.42715E-03
+11.40000E-03,-5.52104269E+00,+3.13567E-03
+11.42500E-03,-5.59641957E+00,+3.13567E-03
+11.45000E-03,-5.59641957E+00,+10.67335E-03
+11.47500E-03,-5.59641957E+00,-1.88946E-03
+11.50000E-03,-5.59641957E+00,+3.13567E-03
+11.52500E-03,-5.79742460E+00,+10.67335E-03
+11.55000E-03,-5.72204771E+00,-1.88946E-03
+11.57500E-03,-5.67179646E+00,-9.42715E-03
+11.60000E-03,-5.79742460E+00,-1.88946E-03
+11.62500E-03,-5.79742460E+00,+10.67335E-03
+11.65000E-03,-5.92305274E+00,+3.13567E-03
+11.67500E-03,-5.79742460E+00,+10.67335E-03
+11.70000E-03,-5.87280148E+00,-9.42715E-03
+11.72500E-03,-5.79742460E+00,-9.42715E-03
+11.75000E-03,-5.92305274E+00,-1.88946E-03
+11.77500E-03,-5.99842963E+00,+10.67335E-03
+11.80000E-03,-5.99842963E+00,-9.42715E-03
+11.82500E-03,-5.99842963E+00,+3.13567E-03
+11.85000E-03,-5.99842963E+00,-1.88946E-03
+11.87500E-03,-5.99842963E+00,+3.13567E-03
+11.90000E-03,-5.99842963E+00,-1.88946E-03
+11.92500E-03,-5.99842963E+00,-9.42715E-03
+11.95000E-03,-5.99842963E+00,+10.67335E-03
+11.97500E-03,-6.12405777E+00,-9.42715E-03
+12.00000E-03,-6.19943465E+00,+3.13567E-03
+12.02500E-03,-6.19943465E+00,+3.13567E-03
+12.05000E-03,-6.19943465E+00,-1.88946E-03
+12.07500E-03,-6.19943465E+00,-1.88946E-03
+12.10000E-03,-6.19943465E+00,+3.13567E-03
+12.12500E-03,-6.19943465E+00,+10.67335E-03
+12.15000E-03,-6.19943465E+00,+3.13567E-03
+12.17500E-03,-6.19943465E+00,+3.13567E-03
+12.20000E-03,-6.19943465E+00,-1.88946E-03
+12.22500E-03,-6.19943465E+00,-1.88946E-03
+12.25000E-03,-6.19943465E+00,-9.42715E-03
+12.27500E-03,-6.19943465E+00,-1.88946E-03
+12.30000E-03,-6.40043968E+00,-1.88946E-03
+12.32500E-03,-6.40043968E+00,-9.42715E-03
+12.35000E-03,-6.40043968E+00,+3.13567E-03
+12.37500E-03,-6.40043968E+00,+10.67335E-03
+12.40000E-03,-6.40043968E+00,+10.67335E-03
+12.42500E-03,-6.52606782E+00,-9.42715E-03
+12.45000E-03,-6.40043968E+00,-1.88946E-03
+12.47500E-03,-6.40043968E+00,+3.13567E-03
+12.50000E-03,-6.40043968E+00,-9.42715E-03
+12.52500E-03,-6.40043968E+00,-1.88946E-03
+12.55000E-03,-6.40043968E+00,+10.67335E-03
+12.57500E-03,-6.40043968E+00,+3.13567E-03
+12.60000E-03,-6.47581656E+00,-9.42715E-03
+12.62500E-03,-6.40043968E+00,-9.42715E-03
+12.65000E-03,-6.52606782E+00,+10.67335E-03
+12.67500E-03,-6.47581656E+00,-9.42715E-03
+12.70000E-03,-6.40043968E+00,-1.88946E-03
+12.72500E-03,-6.40043968E+00,+10.67335E-03
+12.75000E-03,-6.52606782E+00,+10.67335E-03
+12.77500E-03,-6.60144471E+00,-1.88946E-03
+12.80000E-03,-6.60144471E+00,-9.42715E-03
+12.82500E-03,-6.60144471E+00,+3.13567E-03
+12.85000E-03,-6.60144471E+00,+10.67335E-03
+12.87500E-03,-6.52606782E+00,-9.42715E-03
+12.90000E-03,-6.52606782E+00,-1.88946E-03
+12.92500E-03,-6.60144471E+00,+3.13567E-03
+12.95000E-03,-6.60144471E+00,+3.13567E-03
+12.97500E-03,-6.60144471E+00,-9.42715E-03
+13.00000E-03,-6.60144471E+00,-9.42715E-03
+13.02500E-03,-6.72707285E+00,+3.13567E-03
+13.05000E-03,-6.60144471E+00,-1.88946E-03
+13.07500E-03,-6.60144471E+00,-9.42715E-03
+13.10000E-03,-6.60144471E+00,-1.88946E-03
+13.12500E-03,-6.60144471E+00,-9.42715E-03
+13.15000E-03,-6.52606782E+00,-1.88946E-03
+13.17500E-03,-6.52606782E+00,+3.13567E-03
+13.20000E-03,-6.60144471E+00,-1.88946E-03
+13.22500E-03,-6.60144471E+00,-9.42715E-03
+13.25000E-03,-6.60144471E+00,+10.67335E-03
+13.27500E-03,-6.60144471E+00,-1.88946E-03
+13.30000E-03,-6.47581656E+00,-1.88946E-03
+13.32500E-03,-6.60144471E+00,+10.67335E-03
+13.35000E-03,-6.52606782E+00,-1.88946E-03
+13.37500E-03,-6.60144471E+00,-1.88946E-03
+13.40000E-03,-6.60144471E+00,+10.67335E-03
+13.42500E-03,-6.60144471E+00,-9.42715E-03
+13.45000E-03,-6.52606782E+00,+10.67335E-03
+13.47500E-03,-6.60144471E+00,-9.42715E-03
+13.50000E-03,-6.60144471E+00,+10.67335E-03
+13.52500E-03,-6.47581656E+00,-1.88946E-03
+13.55000E-03,-6.60144471E+00,-9.42715E-03
+13.57500E-03,-6.60144471E+00,-9.42715E-03
+13.60000E-03,-6.60144471E+00,+3.13567E-03
+13.62500E-03,-6.60144471E+00,+3.13567E-03
+13.65000E-03,-6.52606782E+00,-1.88946E-03
+13.67500E-03,-6.60144471E+00,-1.88946E-03
+13.70000E-03,-6.47581656E+00,+10.67335E-03
+13.72500E-03,-6.52606782E+00,-9.42715E-03
+13.75000E-03,-6.60144471E+00,-1.88946E-03
+13.77500E-03,-6.40043968E+00,-9.42715E-03
+13.80000E-03,-6.52606782E+00,-9.42715E-03
+13.82500E-03,-6.60144471E+00,+10.67335E-03
+13.85000E-03,-6.60144471E+00,-1.88946E-03
+13.87500E-03,-6.40043968E+00,+10.67335E-03
+13.90000E-03,-6.47581656E+00,+3.13567E-03
+13.92500E-03,-6.52606782E+00,+3.13567E-03
+13.95000E-03,-6.40043968E+00,+3.13567E-03
+13.97500E-03,-6.40043968E+00,-9.42715E-03
+14.00000E-03,-6.40043968E+00,-9.42715E-03
+14.02500E-03,-6.32506279E+00,+3.13567E-03
+14.05000E-03,-6.27481154E+00,-1.88946E-03
+14.07500E-03,-6.40043968E+00,+10.67335E-03
+14.10000E-03,-6.27481154E+00,-1.88946E-03
+14.12500E-03,-6.40043968E+00,+10.67335E-03
+14.15000E-03,-6.19943465E+00,+10.67335E-03
+14.17500E-03,-6.40043968E+00,-1.88946E-03
+14.20000E-03,-6.32506279E+00,+3.13567E-03
+14.22500E-03,-6.27481154E+00,+10.67335E-03
+14.25000E-03,-6.19943465E+00,-9.42715E-03
+14.27500E-03,-6.19943465E+00,-1.88946E-03
+14.30000E-03,-6.19943465E+00,+10.67335E-03
+14.32500E-03,-6.19943465E+00,-1.88946E-03
+14.35000E-03,-6.12405777E+00,-1.88946E-03
+14.37500E-03,-6.19943465E+00,-1.88946E-03
+14.40000E-03,-6.27481154E+00,+10.67335E-03
+14.42500E-03,-6.19943465E+00,-1.88946E-03
+14.45000E-03,-6.12405777E+00,+3.13567E-03
+14.47500E-03,-6.12405777E+00,+10.67335E-03
+14.50000E-03,-5.99842963E+00,-1.88946E-03
+14.52500E-03,-6.19943465E+00,-1.88946E-03
+14.55000E-03,-6.07380651E+00,-1.88946E-03
+14.57500E-03,-6.07380651E+00,+3.13567E-03
+14.60000E-03,-5.99842963E+00,+10.67335E-03
+14.62500E-03,-5.99842963E+00,-1.88946E-03
+14.65000E-03,-5.99842963E+00,-9.42715E-03
+14.67500E-03,-5.99842963E+00,+3.13567E-03
+14.70000E-03,-5.99842963E+00,+3.13567E-03
+14.72500E-03,-5.99842963E+00,-1.88946E-03
+14.75000E-03,-5.92305274E+00,+10.67335E-03
+14.77500E-03,-5.99842963E+00,+10.67335E-03
+14.80000E-03,-5.87280148E+00,+10.67335E-03
+14.82500E-03,-5.92305274E+00,+3.13567E-03
+14.85000E-03,-5.79742460E+00,+10.67335E-03
+14.87500E-03,-5.79742460E+00,-1.88946E-03
+14.90000E-03,-5.67179646E+00,-9.42715E-03
+14.92500E-03,-5.59641957E+00,+3.13567E-03
+14.95000E-03,-5.79742460E+00,-9.42715E-03
+14.97500E-03,-5.79742460E+00,-1.88946E-03
+15.00000E-03,-5.67179646E+00,-1.88946E-03
+15.02500E-03,-5.59641957E+00,+10.67335E-03
+15.05000E-03,-5.59641957E+00,+10.67335E-03
+15.07500E-03,-5.59641957E+00,+10.67335E-03
+15.10000E-03,-5.59641957E+00,+10.67335E-03
+15.12500E-03,-5.52104269E+00,+10.67335E-03
+15.15000E-03,-5.59641957E+00,+3.13567E-03
+15.17500E-03,-5.59641957E+00,-9.42715E-03
+15.20000E-03,-5.39541455E+00,+3.13567E-03
+15.22500E-03,-5.39541455E+00,-9.42715E-03
+15.25000E-03,-5.39541455E+00,+3.13567E-03
+15.27500E-03,-5.26978640E+00,-9.42715E-03
+15.30000E-03,-5.39541455E+00,+3.13567E-03
+15.32500E-03,-5.39541455E+00,+10.67335E-03
+15.35000E-03,-5.19440952E+00,+3.13567E-03
+15.37500E-03,-5.19440952E+00,+3.13567E-03
+15.40000E-03,-5.19440952E+00,+10.67335E-03
+15.42500E-03,-5.19440952E+00,+10.67335E-03
+15.45000E-03,-5.11903263E+00,-1.88946E-03
+15.47500E-03,-5.11903263E+00,-9.42715E-03
+15.50000E-03,-5.06878138E+00,-9.42715E-03
+15.52500E-03,-5.11903263E+00,+3.13567E-03
+15.55000E-03,-5.06878138E+00,+10.67335E-03
+15.57500E-03,-5.06878138E+00,+3.13567E-03
+15.60000E-03,-4.99340449E+00,-1.88946E-03
+15.62500E-03,-4.91802761E+00,+3.13567E-03
+15.65000E-03,-4.86777635E+00,+10.67335E-03
+15.67500E-03,-4.79239947E+00,-1.88946E-03
+15.70000E-03,-4.79239947E+00,-1.88946E-03
+15.72500E-03,-4.71702258E+00,-1.88946E-03
+15.75000E-03,-4.79239947E+00,+10.67335E-03
+15.77500E-03,-4.71702258E+00,-9.42715E-03
+15.80000E-03,-4.66677132E+00,-9.42715E-03
+15.82500E-03,-4.46576630E+00,+10.67335E-03
+15.85000E-03,-4.51601755E+00,-1.88946E-03
+15.87500E-03,-4.51601755E+00,-1.88946E-03
+15.90000E-03,-4.46576630E+00,-9.42715E-03
+15.92500E-03,-4.59139444E+00,-1.88946E-03
+15.95000E-03,-4.39038941E+00,-1.88946E-03
+15.97500E-03,-4.39038941E+00,+10.67335E-03
+16.00000E-03,-4.39038941E+00,+3.13567E-03
+16.02500E-03,-4.39038941E+00,+10.67335E-03
+16.05000E-03,-4.26476127E+00,+10.67335E-03
+16.07500E-03,-4.31501253E+00,+10.67335E-03
+16.10000E-03,-4.18938439E+00,-9.42715E-03
+16.12500E-03,-4.18938439E+00,+10.67335E-03
+16.15000E-03,-4.18938439E+00,-1.88946E-03
+16.17500E-03,-4.18938439E+00,-1.88946E-03
+16.20000E-03,-4.11400750E+00,+10.67335E-03
+16.22500E-03,-4.11400750E+00,+10.67335E-03
+16.25000E-03,-3.91300247E+00,+3.13567E-03
+16.27500E-03,-3.86275122E+00,-9.42715E-03
+16.30000E-03,-3.98837936E+00,-9.42715E-03
+16.32500E-03,-3.78737433E+00,-1.88946E-03
+16.35000E-03,-3.78737433E+00,+10.67335E-03
+16.37500E-03,-3.78737433E+00,-1.88946E-03
+16.40000E-03,-3.58636931E+00,-1.88946E-03
+16.42500E-03,-3.78737433E+00,-1.88946E-03
+16.45000E-03,-3.71199745E+00,+3.13567E-03
+16.47500E-03,-3.58636931E+00,-1.88946E-03
+16.50000E-03,-3.58636931E+00,+3.13567E-03
+16.52500E-03,-3.58636931E+00,+10.67335E-03
+16.55000E-03,-3.58636931E+00,+10.67335E-03
+16.57500E-03,-3.38536428E+00,+10.67335E-03
+16.60000E-03,-3.38536428E+00,+10.67335E-03
+16.62500E-03,-3.38536428E+00,+10.67335E-03
+16.65000E-03,-3.30998739E+00,+3.13567E-03
+16.67500E-03,-3.38536428E+00,-1.88946E-03
+16.70000E-03,-3.38536428E+00,-9.42715E-03
+16.72500E-03,-3.18435925E+00,+3.13567E-03
+16.75000E-03,-2.98335423E+00,+10.67335E-03
+16.77500E-03,-3.10898237E+00,+10.67335E-03
+16.80000E-03,-2.98335423E+00,-1.88946E-03
+16.82500E-03,-2.98335423E+00,+3.13567E-03
+16.85000E-03,-2.98335423E+00,-1.88946E-03
+16.87500E-03,-2.85772608E+00,+10.67335E-03
+16.90000E-03,-2.98335423E+00,-9.42715E-03
+16.92500E-03,-2.78234920E+00,+10.67335E-03
+16.95000E-03,-2.85772608E+00,-1.88946E-03
+16.97500E-03,-2.78234920E+00,-1.88946E-03
+17.00000E-03,-2.78234920E+00,+10.67335E-03
+17.02500E-03,-2.58134417E+00,+3.13567E-03
+17.05000E-03,-2.58134417E+00,+10.67335E-03
+17.07500E-03,-2.45571603E+00,-9.42715E-03
+17.10000E-03,-2.38033915E+00,+10.67335E-03
+17.12500E-03,-2.50596729E+00,+3.13567E-03
+17.15000E-03,-2.38033915E+00,-9.42715E-03
+17.17500E-03,-2.38033915E+00,+10.67335E-03
+17.20000E-03,-2.38033915E+00,+10.67335E-03
+17.22500E-03,-2.38033915E+00,+10.67335E-03
+17.25000E-03,-2.17933412E+00,+3.13567E-03
+17.27500E-03,-2.17933412E+00,+3.13567E-03
+17.30000E-03,-2.17933412E+00,+10.67335E-03
+17.32500E-03,-2.05370598E+00,+10.67335E-03
+17.35000E-03,-2.10395723E+00,+10.67335E-03
+17.37500E-03,-2.05370598E+00,+3.13567E-03
+17.40000E-03,-1.77732407E+00,-1.88946E-03
+17.42500E-03,-1.85270095E+00,-1.88946E-03
+17.45000E-03,-1.77732407E+00,+3.13567E-03
+17.47500E-03,-1.77732407E+00,-1.88946E-03
+17.50000E-03,-1.70194718E+00,+10.67335E-03
+17.52500E-03,-1.77732407E+00,-1.88946E-03
+17.55000E-03,-1.65169592E+00,-1.88946E-03
+17.57500E-03,-1.57631904E+00,-9.42715E-03
+17.60000E-03,-1.57631904E+00,+3.13567E-03
+17.62500E-03,-1.57631904E+00,+10.67335E-03
+17.65000E-03,-1.37531401E+00,+10.67335E-03
+17.67500E-03,-1.37531401E+00,-1.88946E-03
+17.70000E-03,-1.29993713E+00,-9.42715E-03
+17.72500E-03,-1.37531401E+00,+10.67335E-03
+17.75000E-03,-1.17430899E+00,-1.88946E-03
+17.77500E-03,-1.17430899E+00,+10.67335E-03
+17.80000E-03,-1.17430899E+00,+10.67335E-03
+17.82500E-03,-1.09893210E+00,-1.88946E-03
+17.85000E-03,-1.09893210E+00,+10.67335E-03
+17.87500E-03,-973.30396E-03,-1.88946E-03
+17.90000E-03,-973.30396E-03,-1.88946E-03
+17.92500E-03,-772.29893E-03,+3.13567E-03
+17.95000E-03,-897.92707E-03,+10.67335E-03
+17.97500E-03,-772.29893E-03,+10.67335E-03
+18.00000E-03,-696.92205E-03,+10.67335E-03
+18.02500E-03,-772.29893E-03,-1.88946E-03
+18.05000E-03,-772.29893E-03,-9.42715E-03
+18.07500E-03,-445.66576E-03,+10.67335E-03
+18.10000E-03,-445.66576E-03,+3.13567E-03
+18.12500E-03,-370.28888E-03,+10.67335E-03
+18.15000E-03,-370.28888E-03,+10.67335E-03
+18.17500E-03,-169.28385E-03,+10.67335E-03
+18.20000E-03,-169.28385E-03,+3.13567E-03
+18.22500E-03,-169.28385E-03,+10.67335E-03
+18.25000E-03,+31.72117E-03,+10.67335E-03
+18.27500E-03,+31.72117E-03,-9.42715E-03
+18.30000E-03,+107.09806E-03,+3.13567E-03
+18.32500E-03,+157.34932E-03,+3.13567E-03
+18.35000E-03,+358.35434E-03,-1.88946E-03
+18.37500E-03,+433.73123E-03,-9.42715E-03
+18.40000E-03,+433.73123E-03,-1.88946E-03
+18.42500E-03,+559.35937E-03,-9.42715E-03
+18.45000E-03,+509.10811E-03,+3.13567E-03
+18.47500E-03,+634.73625E-03,+10.67335E-03
+18.50000E-03,+710.11314E-03,+10.67335E-03
+18.52500E-03,+835.74128E-03,+10.67335E-03
+18.55000E-03,+835.74128E-03,-1.88946E-03
+18.57500E-03,+1.03674631E+00,-1.88946E-03
+18.60000E-03,+1.03674631E+00,+10.67335E-03
+18.62500E-03,+1.16237445E+00,-9.42715E-03
+18.65000E-03,+1.23775133E+00,+10.67335E-03
+18.67500E-03,+1.36337948E+00,+3.13567E-03
+18.70000E-03,+1.31312822E+00,+10.67335E-03
+18.72500E-03,+1.51413325E+00,+3.13567E-03
+18.75000E-03,+1.43875636E+00,-1.88946E-03
+18.77500E-03,+1.63976139E+00,-9.42715E-03
+18.80000E-03,+1.63976139E+00,-9.42715E-03
+18.82500E-03,+1.84076641E+00,+3.13567E-03
+18.85000E-03,+1.84076641E+00,+10.67335E-03
+18.87500E-03,+1.96639456E+00,-1.88946E-03
+18.90000E-03,+2.04177144E+00,+10.67335E-03
+18.92500E-03,+2.04177144E+00,+10.67335E-03
+18.95000E-03,+2.04177144E+00,-1.88946E-03
+18.97500E-03,+2.24277647E+00,-9.42715E-03
+19.00000E-03,+2.31815335E+00,-1.88946E-03
+19.02500E-03,+2.44378150E+00,+3.13567E-03
+19.05000E-03,+2.44378150E+00,+10.67335E-03
+19.07500E-03,+2.56940964E+00,+10.67335E-03
+19.10000E-03,+2.64478652E+00,-1.88946E-03
+19.12500E-03,+2.64478652E+00,+3.13567E-03
+19.15000E-03,+2.84579155E+00,+10.67335E-03
+19.17500E-03,+2.84579155E+00,+10.67335E-03
+19.20000E-03,+2.84579155E+00,-1.88946E-03
+19.22500E-03,+3.04679658E+00,+3.13567E-03
+19.25000E-03,+3.04679658E+00,+10.67335E-03
+19.27500E-03,+3.04679658E+00,+10.67335E-03
+19.30000E-03,+3.04679658E+00,+10.67335E-03
+19.32500E-03,+3.24780160E+00,-9.42715E-03
+19.35000E-03,+3.32317849E+00,-1.88946E-03
+19.37500E-03,+3.44880663E+00,+3.13567E-03
+19.40000E-03,+3.44880663E+00,+10.67335E-03
+19.42500E-03,+3.44880663E+00,+10.67335E-03
+19.45000E-03,+3.64981166E+00,-1.88946E-03
+19.47500E-03,+3.52418351E+00,+10.67335E-03
+19.50000E-03,+3.64981166E+00,-1.88946E-03
+19.52500E-03,+3.85081668E+00,+10.67335E-03
+19.55000E-03,+3.85081668E+00,-1.88946E-03
+19.57500E-03,+4.05182171E+00,-9.42715E-03
+19.60000E-03,+4.05182171E+00,+10.67335E-03
+19.62500E-03,+4.05182171E+00,+10.67335E-03
+19.65000E-03,+4.12719859E+00,+10.67335E-03
+19.67500E-03,+4.25282674E+00,+3.13567E-03
+19.70000E-03,+4.25282674E+00,+10.67335E-03
+19.72500E-03,+4.25282674E+00,-9.42715E-03
+19.75000E-03,+4.32820362E+00,+10.67335E-03
+19.77500E-03,+4.45383176E+00,+3.13567E-03
+19.80000E-03,+4.45383176E+00,+10.67335E-03
+19.82500E-03,+4.65483679E+00,+10.67335E-03
+19.85000E-03,+4.65483679E+00,+10.67335E-03
+19.87500E-03,+4.78046493E+00,+10.67335E-03
+19.90000E-03,+4.78046493E+00,-9.42715E-03
+19.92500E-03,+4.85584182E+00,+3.13567E-03
+19.95000E-03,+5.05684684E+00,+10.67335E-03
+19.97500E-03,+5.05684684E+00,-9.42715E-03
+20.00000E-03,+5.05684684E+00,+10.67335E-03
+20.02500E-03,+5.18247498E+00,+10.67335E-03
+20.05000E-03,+5.13222373E+00,+10.67335E-03
+20.07500E-03,+5.38348001E+00,-1.88946E-03
+20.10000E-03,+5.25785187E+00,+10.67335E-03
+20.12500E-03,+5.33322875E+00,+10.67335E-03
+20.15000E-03,+5.45885690E+00,+10.67335E-03
+20.17500E-03,+5.45885690E+00,-1.88946E-03
+20.20000E-03,+5.65986192E+00,-9.42715E-03
+20.22500E-03,+5.65986192E+00,+10.67335E-03
+20.25000E-03,+5.65986192E+00,+10.67335E-03
+20.27500E-03,+5.78549006E+00,+10.67335E-03
+20.30000E-03,+5.86086695E+00,+10.67335E-03
+20.32500E-03,+5.86086695E+00,+10.67335E-03
+20.35000E-03,+5.98649509E+00,+10.67335E-03
+20.37500E-03,+5.98649509E+00,+3.13567E-03
+20.40000E-03,+6.06187198E+00,+3.13567E-03
+20.42500E-03,+6.13724886E+00,+10.67335E-03
+20.45000E-03,+6.18750012E+00,-1.88946E-03
+20.47500E-03,+6.26287700E+00,-1.88946E-03
+20.50000E-03,+6.26287700E+00,+10.67335E-03
+20.52500E-03,+6.26287700E+00,-1.88946E-03
+20.55000E-03,+6.33825389E+00,-9.42715E-03
+20.57500E-03,+6.46388203E+00,+10.67335E-03
+20.60000E-03,+6.53925891E+00,+10.67335E-03
+20.62500E-03,+6.58951017E+00,-9.42715E-03
+20.65000E-03,+6.53925891E+00,+3.13567E-03
+20.67500E-03,+6.66488706E+00,+10.67335E-03
+20.70000E-03,+6.74026394E+00,-1.88946E-03
+20.72500E-03,+6.79051520E+00,+10.67335E-03
+20.75000E-03,+6.86589208E+00,-1.88946E-03
+20.77500E-03,+6.86589208E+00,+10.67335E-03
+20.80000E-03,+6.99152022E+00,+10.67335E-03
+20.82500E-03,+7.06689711E+00,+10.67335E-03
+20.85000E-03,+7.06689711E+00,-9.42715E-03
+20.87500E-03,+7.06689711E+00,+10.67335E-03
+20.90000E-03,+7.06689711E+00,+10.67335E-03
+20.92500E-03,+7.19252525E+00,+10.67335E-03
+20.95000E-03,+7.26790214E+00,+10.67335E-03
+20.97500E-03,+7.26790214E+00,+10.67335E-03
+21.00000E-03,+7.26790214E+00,-1.88946E-03
+21.02500E-03,+7.26790214E+00,+10.67335E-03
+21.05000E-03,+7.46890716E+00,+10.67335E-03
+21.07500E-03,+7.46890716E+00,+10.67335E-03
+21.10000E-03,+7.46890716E+00,+3.13567E-03
+21.12500E-03,+7.66991219E+00,+10.67335E-03
+21.15000E-03,+7.66991219E+00,+10.67335E-03
+21.17500E-03,+7.66991219E+00,+10.67335E-03
+21.20000E-03,+7.79554033E+00,+10.67335E-03
+21.22500E-03,+7.66991219E+00,-1.88946E-03
+21.25000E-03,+7.66991219E+00,+10.67335E-03
+21.27500E-03,+7.87091722E+00,+10.67335E-03
+21.30000E-03,+7.87091722E+00,+10.67335E-03
+21.32500E-03,+7.94629410E+00,-1.88946E-03
+21.35000E-03,+7.99654536E+00,+10.67335E-03
+21.37500E-03,+7.87091722E+00,+10.67335E-03
+21.40000E-03,+7.94629410E+00,+10.67335E-03
+21.42500E-03,+8.07192224E+00,-1.88946E-03
+21.45000E-03,+8.07192224E+00,+10.67335E-03
+21.47500E-03,+8.07192224E+00,+3.13567E-03
+21.50000E-03,+8.27292727E+00,-1.88946E-03
+21.52500E-03,+8.27292727E+00,+10.67335E-03
+21.55000E-03,+8.27292727E+00,-1.88946E-03
+21.57500E-03,+8.39855541E+00,+10.67335E-03
+21.60000E-03,+8.39855541E+00,+3.13567E-03
+21.62500E-03,+8.27292727E+00,+10.67335E-03
+21.65000E-03,+8.39855541E+00,-9.42715E-03
+21.67500E-03,+8.47393230E+00,+10.67335E-03
+21.70000E-03,+8.47393230E+00,+10.67335E-03
+21.72500E-03,+8.47393230E+00,+10.67335E-03
+21.75000E-03,+8.47393230E+00,+10.67335E-03
+21.77500E-03,+8.54930918E+00,+10.67335E-03
+21.80000E-03,+8.67493732E+00,+3.13567E-03
+21.82500E-03,+8.67493732E+00,+10.67335E-03
+21.85000E-03,+8.67493732E+00,+10.67335E-03
+21.87500E-03,+8.67493732E+00,+10.67335E-03
+21.90000E-03,+8.75031421E+00,+3.13567E-03
+21.92500E-03,+8.67493732E+00,+10.67335E-03
+21.95000E-03,+8.67493732E+00,+10.67335E-03
+21.97500E-03,+8.87594235E+00,+3.13567E-03
+22.00000E-03,+8.87594235E+00,+10.67335E-03
+22.02500E-03,+8.87594235E+00,+10.67335E-03
+22.05000E-03,+8.87594235E+00,+10.67335E-03
+22.07500E-03,+9.00157049E+00,+10.67335E-03
+22.10000E-03,+8.87594235E+00,+3.13567E-03
+22.12500E-03,+8.87594235E+00,+10.67335E-03
+22.15000E-03,+9.07694738E+00,+10.67335E-03
+22.17500E-03,+9.07694738E+00,+10.67335E-03
+22.20000E-03,+9.07694738E+00,-1.88946E-03
+22.22500E-03,+9.07694738E+00,+10.67335E-03
+22.25000E-03,+9.07694738E+00,-1.88946E-03
+22.27500E-03,+9.20257552E+00,+10.67335E-03
+22.30000E-03,+9.20257552E+00,-1.88946E-03
+22.32500E-03,+9.20257552E+00,+10.67335E-03
+22.35000E-03,+9.15232426E+00,+10.67335E-03
+22.37500E-03,+9.27795240E+00,+10.67335E-03
+22.40000E-03,+9.20257552E+00,+3.13567E-03
+22.42500E-03,+9.35332929E+00,+10.67335E-03
+22.45000E-03,+9.27795240E+00,+3.13567E-03
+22.47500E-03,+9.27795240E+00,+10.67335E-03
+22.50000E-03,+9.27795240E+00,-1.88946E-03
+22.52500E-03,+9.35332929E+00,+10.67335E-03
+22.55000E-03,+9.27795240E+00,+10.67335E-03
+22.57500E-03,+9.27795240E+00,-9.42715E-03
+22.60000E-03,+9.35332929E+00,+10.67335E-03
+22.62500E-03,+9.27795240E+00,+10.67335E-03
+22.65000E-03,+9.35332929E+00,+10.67335E-03
+22.67500E-03,+9.40358054E+00,+10.67335E-03
+22.70000E-03,+9.40358054E+00,+10.67335E-03
+22.72500E-03,+9.47895743E+00,-1.88946E-03
+22.75000E-03,+9.47895743E+00,+10.67335E-03
+22.77500E-03,+9.47895743E+00,+10.67335E-03
+22.80000E-03,+9.47895743E+00,+3.13567E-03
+22.82500E-03,+9.35332929E+00,+10.67335E-03
+22.85000E-03,+9.27795240E+00,+10.67335E-03
+22.87500E-03,+9.47895743E+00,+10.67335E-03
+22.90000E-03,+9.47895743E+00,+10.67335E-03
+22.92500E-03,+9.47895743E+00,+10.67335E-03
+22.95000E-03,+9.60458557E+00,+10.67335E-03
+22.97500E-03,+9.47895743E+00,+10.67335E-03
+23.00000E-03,+9.47895743E+00,+10.67335E-03
+23.02500E-03,+9.47895743E+00,+10.67335E-03
+23.05000E-03,+9.55433431E+00,-1.88946E-03
+23.07500E-03,+9.60458557E+00,+3.13567E-03
+23.10000E-03,+9.60458557E+00,+10.67335E-03
+23.12500E-03,+9.67996246E+00,+10.67335E-03
+23.15000E-03,+9.55433431E+00,+10.67335E-03
+23.17500E-03,+9.55433431E+00,-1.88946E-03
+23.20000E-03,+9.47895743E+00,+10.67335E-03
+23.22500E-03,+9.47895743E+00,+3.13567E-03
+23.25000E-03,+9.60458557E+00,+10.67335E-03
+23.27500E-03,+9.47895743E+00,+10.67335E-03
+23.30000E-03,+9.67996246E+00,-1.88946E-03
+23.32500E-03,+9.47895743E+00,+3.13567E-03
+23.35000E-03,+9.47895743E+00,+10.67335E-03
+23.37500E-03,+9.60458557E+00,+10.67335E-03
+23.40000E-03,+9.47895743E+00,+10.67335E-03
+23.42500E-03,+9.47895743E+00,+10.67335E-03
+23.45000E-03,+9.47895743E+00,+10.67335E-03
+23.47500E-03,+9.47895743E+00,-1.88946E-03
+23.50000E-03,+9.47895743E+00,+10.67335E-03
+23.52500E-03,+9.47895743E+00,-1.88946E-03
+23.55000E-03,+9.47895743E+00,+10.67335E-03
+23.57500E-03,+9.47895743E+00,+3.13567E-03
+23.60000E-03,+9.47895743E+00,+10.67335E-03
+23.62500E-03,+9.47895743E+00,+3.13567E-03
+23.65000E-03,+9.47895743E+00,+3.13567E-03
+23.67500E-03,+9.40358054E+00,+3.13567E-03
+23.70000E-03,+9.47895743E+00,-1.88946E-03
+23.72500E-03,+9.47895743E+00,+10.67335E-03
+23.75000E-03,+9.47895743E+00,+10.67335E-03
+23.77500E-03,+9.47895743E+00,+10.67335E-03
+23.80000E-03,+9.47895743E+00,+3.13567E-03
+23.82500E-03,+9.40358054E+00,+10.67335E-03
+23.85000E-03,+9.40358054E+00,+10.67335E-03
+23.87500E-03,+9.27795240E+00,+10.67335E-03
+23.90000E-03,+9.27795240E+00,-1.88946E-03
+23.92500E-03,+9.27795240E+00,+10.67335E-03
+23.95000E-03,+9.27795240E+00,-1.88946E-03
+23.97500E-03,+9.27795240E+00,+10.67335E-03
+24.00000E-03,+9.27795240E+00,+10.67335E-03
+24.02500E-03,+9.27795240E+00,+10.67335E-03
+24.05000E-03,+9.27795240E+00,+3.13567E-03
+24.07500E-03,+9.27795240E+00,+3.13567E-03
+24.10000E-03,+9.07694738E+00,+3.13567E-03
+24.12500E-03,+9.15232426E+00,+10.67335E-03
+24.15000E-03,+9.07694738E+00,-1.88946E-03
+24.17500E-03,+9.15232426E+00,+3.13567E-03
+24.20000E-03,+9.07694738E+00,-1.88946E-03
+24.22500E-03,+9.07694738E+00,+3.13567E-03
+24.25000E-03,+9.07694738E+00,+10.67335E-03
+24.27500E-03,+9.07694738E+00,+3.13567E-03
+24.30000E-03,+9.07694738E+00,-1.88946E-03
+24.32500E-03,+9.07694738E+00,+3.13567E-03
+24.35000E-03,+8.87594235E+00,+3.13567E-03
+24.37500E-03,+8.95131923E+00,+10.67335E-03
+24.40000E-03,+8.87594235E+00,+10.67335E-03
+24.42500E-03,+8.95131923E+00,+3.13567E-03
+24.45000E-03,+8.87594235E+00,+10.67335E-03
+24.47500E-03,+8.87594235E+00,+10.67335E-03
+24.50000E-03,+8.87594235E+00,+10.67335E-03
+24.52500E-03,+8.87594235E+00,+10.67335E-03
+24.55000E-03,+8.67493732E+00,+10.67335E-03
+24.57500E-03,+8.67493732E+00,+10.67335E-03
+24.60000E-03,+8.67493732E+00,+10.67335E-03
+24.62500E-03,+8.67493732E+00,+10.67335E-03
+24.65000E-03,+8.67493732E+00,+10.67335E-03
+24.67500E-03,+8.59956044E+00,+10.67335E-03
+24.70000E-03,+8.54930918E+00,-1.88946E-03
+24.72500E-03,+8.47393230E+00,+10.67335E-03
+24.75000E-03,+8.47393230E+00,-1.88946E-03
+24.77500E-03,+8.47393230E+00,+10.67335E-03
+24.80000E-03,+8.27292727E+00,-9.42715E-03
+24.82500E-03,+8.39855541E+00,+10.67335E-03
+24.85000E-03,+8.27292727E+00,+10.67335E-03
+24.87500E-03,+8.39855541E+00,+10.67335E-03
+24.90000E-03,+8.27292727E+00,+10.67335E-03
+24.92500E-03,+8.27292727E+00,+10.67335E-03
+24.95000E-03,+8.27292727E+00,+3.13567E-03
+24.97500E-03,+8.27292727E+00,+3.13567E-03
+25.00000E-03,+8.19755038E+00,+10.67335E-03
+25.02500E-03,+8.19755038E+00,-1.88946E-03
+25.05000E-03,+8.07192224E+00,+10.67335E-03
+25.07500E-03,+8.07192224E+00,+3.13567E-03
+25.10000E-03,+8.07192224E+00,+10.67335E-03
+25.12500E-03,+7.87091722E+00,-9.42715E-03
+25.15000E-03,+7.87091722E+00,+10.67335E-03
+25.17500E-03,+7.87091722E+00,+10.67335E-03
+25.20000E-03,+7.87091722E+00,+10.67335E-03
+25.22500E-03,+7.66991219E+00,+10.67335E-03
+25.25000E-03,+7.66991219E+00,+3.13567E-03
+25.27500E-03,+7.66991219E+00,+10.67335E-03
+25.30000E-03,+7.59453530E+00,-1.88946E-03
+25.32500E-03,+7.66991219E+00,+10.67335E-03
+25.35000E-03,+7.59453530E+00,+10.67335E-03
+25.37500E-03,+7.46890716E+00,+3.13567E-03
+25.40000E-03,+7.34327902E+00,+10.67335E-03
+25.42500E-03,+7.46890716E+00,+3.13567E-03
+25.45000E-03,+7.34327902E+00,+10.67335E-03
+25.47500E-03,+7.26790214E+00,+10.67335E-03
+25.50000E-03,+7.26790214E+00,+3.13567E-03
+25.52500E-03,+7.26790214E+00,+10.67335E-03
+25.55000E-03,+7.14227399E+00,+3.13567E-03
+25.57500E-03,+7.14227399E+00,-1.88946E-03
+25.60000E-03,+6.99152022E+00,+3.13567E-03
+25.62500E-03,+7.06689711E+00,+10.67335E-03
+25.65000E-03,+6.99152022E+00,-1.88946E-03
+25.67500E-03,+6.86589208E+00,-1.88946E-03
+25.70000E-03,+6.99152022E+00,+3.13567E-03
+25.72500E-03,+6.86589208E+00,+3.13567E-03
+25.75000E-03,+6.79051520E+00,-1.88946E-03
+25.77500E-03,+6.66488706E+00,+3.13567E-03
+25.80000E-03,+6.66488706E+00,+10.67335E-03
+25.82500E-03,+6.53925891E+00,+10.67335E-03
+25.85000E-03,+6.46388203E+00,+10.67335E-03
+25.87500E-03,+6.46388203E+00,-1.88946E-03
+25.90000E-03,+6.46388203E+00,-1.88946E-03
+25.92500E-03,+6.46388203E+00,+10.67335E-03
+25.95000E-03,+6.38850514E+00,+3.13567E-03
+25.97500E-03,+6.26287700E+00,+3.13567E-03
+26.00000E-03,+6.06187198E+00,+10.67335E-03
+26.02500E-03,+6.26287700E+00,+10.67335E-03
+26.05000E-03,+6.06187198E+00,+10.67335E-03
+26.07500E-03,+6.06187198E+00,+3.13567E-03
+26.10000E-03,+5.98649509E+00,-1.88946E-03
+26.12500E-03,+5.86086695E+00,+10.67335E-03
+26.15000E-03,+5.86086695E+00,+10.67335E-03
+26.17500E-03,+5.86086695E+00,-9.42715E-03
+26.20000E-03,+5.65986192E+00,+10.67335E-03
+26.22500E-03,+5.78549006E+00,+10.67335E-03
+26.25000E-03,+5.65986192E+00,+3.13567E-03
+26.27500E-03,+5.53423378E+00,+10.67335E-03
+26.30000E-03,+5.53423378E+00,+10.67335E-03
+26.32500E-03,+5.45885690E+00,-1.88946E-03
+26.35000E-03,+5.45885690E+00,-1.88946E-03
+26.37500E-03,+5.25785187E+00,-1.88946E-03
+26.40000E-03,+5.25785187E+00,+10.67335E-03
+26.42500E-03,+5.25785187E+00,+10.67335E-03
+26.45000E-03,+5.25785187E+00,-1.88946E-03
+26.47500E-03,+5.05684684E+00,+3.13567E-03
+26.50000E-03,+4.98146996E+00,+10.67335E-03
+26.52500E-03,+4.85584182E+00,+10.67335E-03
+26.55000E-03,+4.85584182E+00,+10.67335E-03
+26.57500E-03,+4.85584182E+00,+3.13567E-03
+26.60000E-03,+4.78046493E+00,-1.88946E-03
+26.62500E-03,+4.65483679E+00,+10.67335E-03
+26.65000E-03,+4.65483679E+00,-1.88946E-03
+26.67500E-03,+4.45383176E+00,+10.67335E-03
+26.70000E-03,+4.45383176E+00,+3.13567E-03
+26.72500E-03,+4.45383176E+00,-9.42715E-03
+26.75000E-03,+4.25282674E+00,+10.67335E-03
+26.77500E-03,+4.25282674E+00,+10.67335E-03
+26.80000E-03,+4.25282674E+00,+10.67335E-03
+26.82500E-03,+4.05182171E+00,+10.67335E-03
+26.85000E-03,+4.05182171E+00,+3.13567E-03
+26.87500E-03,+4.05182171E+00,-1.88946E-03
+26.90000E-03,+3.85081668E+00,+10.67335E-03
+26.92500E-03,+3.85081668E+00,+10.67335E-03
+26.95000E-03,+3.72518854E+00,+10.67335E-03
+26.97500E-03,+3.64981166E+00,+3.13567E-03
+27.00000E-03,+3.64981166E+00,+3.13567E-03
+27.02500E-03,+3.44880663E+00,+10.67335E-03
+27.05000E-03,+3.44880663E+00,+3.13567E-03
+27.07500E-03,+3.44880663E+00,-1.88946E-03
+27.10000E-03,+3.32317849E+00,+3.13567E-03
+27.12500E-03,+3.24780160E+00,+3.13567E-03
+27.15000E-03,+3.12217346E+00,+10.67335E-03
+27.17500E-03,+3.04679658E+00,+3.13567E-03
+27.20000E-03,+3.04679658E+00,-1.88946E-03
+27.22500E-03,+3.04679658E+00,+3.13567E-03
+27.25000E-03,+2.92116843E+00,+10.67335E-03
+27.27500E-03,+3.04679658E+00,+10.67335E-03
+27.30000E-03,+2.72016341E+00,+10.67335E-03
+27.32500E-03,+2.64478652E+00,-9.42715E-03
+27.35000E-03,+2.64478652E+00,-9.42715E-03
+27.37500E-03,+2.56940964E+00,+3.13567E-03
+27.40000E-03,+2.51915838E+00,+10.67335E-03
+27.42500E-03,+2.44378150E+00,+10.67335E-03
+27.45000E-03,+2.36840461E+00,-9.42715E-03
+27.47500E-03,+2.24277647E+00,+10.67335E-03
+27.50000E-03,+2.24277647E+00,+10.67335E-03
+27.52500E-03,+2.11714833E+00,+10.67335E-03
+27.55000E-03,+2.04177144E+00,+3.13567E-03
+27.57500E-03,+1.84076641E+00,+10.67335E-03
+27.60000E-03,+1.84076641E+00,-1.88946E-03
+27.62500E-03,+1.84076641E+00,+10.67335E-03
+27.65000E-03,+1.84076641E+00,-9.42715E-03
+27.67500E-03,+1.63976139E+00,+10.67335E-03
+27.70000E-03,+1.51413325E+00,+10.67335E-03
+27.72500E-03,+1.63976139E+00,-9.42715E-03
+27.75000E-03,+1.43875636E+00,+10.67335E-03
+27.77500E-03,+1.36337948E+00,-1.88946E-03
+27.80000E-03,+1.23775133E+00,+3.13567E-03
+27.82500E-03,+1.23775133E+00,-1.88946E-03
+27.85000E-03,+1.03674631E+00,+10.67335E-03
+27.87500E-03,+1.03674631E+00,-9.42715E-03
+27.90000E-03,+1.03674631E+00,+10.67335E-03
+27.92500E-03,+835.74128E-03,-1.88946E-03
+27.95000E-03,+710.11314E-03,+10.67335E-03
+27.97500E-03,+710.11314E-03,+3.13567E-03
+28.00000E-03,+634.73625E-03,+10.67335E-03
+28.02500E-03,+509.10811E-03,-1.88946E-03
+28.05000E-03,+509.10811E-03,-9.42715E-03
+28.07500E-03,+433.73123E-03,-1.88946E-03
+28.10000E-03,+308.10309E-03,+10.67335E-03
+28.12500E-03,+433.73123E-03,+10.67335E-03
+28.15000E-03,+107.09806E-03,+3.13567E-03
+28.17500E-03,+107.09806E-03,-9.42715E-03
+28.20000E-03,+31.72117E-03,-9.42715E-03
+28.22500E-03,+31.72117E-03,+10.67335E-03
+28.25000E-03,-169.28385E-03,+10.67335E-03
+28.27500E-03,-169.28385E-03,+10.67335E-03
+28.30000E-03,-370.28888E-03,+10.67335E-03
+28.32500E-03,-244.66074E-03,+10.67335E-03
+28.35000E-03,-370.28888E-03,+10.67335E-03
+28.37500E-03,-445.66576E-03,+10.67335E-03
+28.40000E-03,-445.66576E-03,+10.67335E-03
+28.42500E-03,-445.66576E-03,+3.13567E-03
+28.45000E-03,-696.92205E-03,+10.67335E-03
+28.47500E-03,-696.92205E-03,-1.88946E-03
+28.50000E-03,-772.29893E-03,+10.67335E-03
+28.52500E-03,-772.29893E-03,-1.88946E-03
+28.55000E-03,-772.29893E-03,+10.67335E-03
+28.57500E-03,-847.67582E-03,+10.67335E-03
+28.60000E-03,-973.30396E-03,-1.88946E-03
+28.62500E-03,-973.30396E-03,+10.67335E-03
+28.65000E-03,-973.30396E-03,+3.13567E-03
+28.67500E-03,-1.04868084E+00,+10.67335E-03
+28.70000E-03,-1.17430899E+00,-1.88946E-03
+28.72500E-03,-1.29993713E+00,+3.13567E-03
+28.75000E-03,-1.17430899E+00,+3.13567E-03
+28.77500E-03,-1.37531401E+00,-1.88946E-03
+28.80000E-03,-1.37531401E+00,+10.67335E-03
+28.82500E-03,-1.37531401E+00,-1.88946E-03
+28.85000E-03,-1.37531401E+00,+10.67335E-03
+28.87500E-03,-1.57631904E+00,+3.13567E-03
+28.90000E-03,-1.57631904E+00,-1.88946E-03
+28.92500E-03,-1.57631904E+00,+3.13567E-03
+28.95000E-03,-1.65169592E+00,+10.67335E-03
+28.97500E-03,-1.65169592E+00,+10.67335E-03
+29.00000E-03,-1.77732407E+00,+3.13567E-03
+29.02500E-03,-1.77732407E+00,+10.67335E-03
+29.05000E-03,-1.85270095E+00,+3.13567E-03
+29.07500E-03,-1.97832909E+00,+3.13567E-03
+29.10000E-03,-1.97832909E+00,-9.42715E-03
+29.12500E-03,-1.97832909E+00,-1.88946E-03
+29.15000E-03,-2.17933412E+00,+10.67335E-03
+29.17500E-03,-2.17933412E+00,+3.13567E-03
+29.20000E-03,-2.17933412E+00,-1.88946E-03
+29.22500E-03,-2.25471100E+00,-1.88946E-03
+29.25000E-03,-2.17933412E+00,+10.67335E-03
+29.27500E-03,-2.17933412E+00,-1.88946E-03
+29.30000E-03,-2.38033915E+00,+3.13567E-03
+29.32500E-03,-2.38033915E+00,-9.42715E-03
+29.35000E-03,-2.38033915E+00,+10.67335E-03
+29.37500E-03,-2.50596729E+00,+10.67335E-03
+29.40000E-03,-2.58134417E+00,-1.88946E-03
+29.42500E-03,-2.58134417E+00,-1.88946E-03
+29.45000E-03,-2.58134417E+00,-9.42715E-03
+29.47500E-03,-2.70697231E+00,-9.42715E-03
+29.50000E-03,-2.78234920E+00,+10.67335E-03
+29.52500E-03,-2.85772608E+00,+3.13567E-03
+29.55000E-03,-2.78234920E+00,-9.42715E-03
+29.57500E-03,-2.90797734E+00,+3.13567E-03
+29.60000E-03,-2.98335423E+00,-1.88946E-03
+29.62500E-03,-2.98335423E+00,+10.67335E-03
+29.65000E-03,-2.98335423E+00,+3.13567E-03
+29.67500E-03,-2.98335423E+00,+3.13567E-03
+29.70000E-03,-3.05873111E+00,-1.88946E-03
+29.72500E-03,-3.10898237E+00,-1.88946E-03
+29.75000E-03,-3.18435925E+00,+3.13567E-03
+29.77500E-03,-3.30998739E+00,+10.67335E-03
+29.80000E-03,-3.38536428E+00,-1.88946E-03
+29.82500E-03,-3.25973614E+00,+10.67335E-03
+29.85000E-03,-3.38536428E+00,-9.42715E-03
+29.87500E-03,-3.38536428E+00,-1.88946E-03
+29.90000E-03,-3.38536428E+00,+3.13567E-03
+29.92500E-03,-3.58636931E+00,+3.13567E-03
+29.95000E-03,-3.51099242E+00,+10.67335E-03
+29.97500E-03,-3.58636931E+00,+3.13567E-03
+30.00000E-03,-3.46074116E+00,-9.42715E-03
+30.02500E-03,-3.58636931E+00,-9.42715E-03
+30.05000E-03,-3.58636931E+00,-1.88946E-03
+30.07500E-03,-3.78737433E+00,+10.67335E-03
+30.10000E-03,-3.78737433E+00,+10.67335E-03
+30.12500E-03,-3.91300247E+00,-1.88946E-03
+30.15000E-03,-3.78737433E+00,+10.67335E-03
+30.17500E-03,-3.78737433E+00,-1.88946E-03
+30.20000E-03,-3.91300247E+00,-9.42715E-03
+30.22500E-03,-3.86275122E+00,-1.88946E-03
+30.25000E-03,-3.98837936E+00,-9.42715E-03
+30.27500E-03,-3.98837936E+00,+3.13567E-03
+30.30000E-03,-4.18938439E+00,-9.42715E-03
+30.32500E-03,-4.18938439E+00,-9.42715E-03
+30.35000E-03,-4.18938439E+00,-1.88946E-03
+30.37500E-03,-4.18938439E+00,-1.88946E-03
+30.40000E-03,-4.18938439E+00,+3.13567E-03
+30.42500E-03,-4.31501253E+00,-9.42715E-03
+30.45000E-03,-4.39038941E+00,+10.67335E-03
+30.47500E-03,-4.39038941E+00,-1.88946E-03
+30.50000E-03,-4.39038941E+00,+10.67335E-03
+30.52500E-03,-4.39038941E+00,+3.13567E-03
+30.55000E-03,-4.46576630E+00,+3.13567E-03
+30.57500E-03,-4.46576630E+00,+10.67335E-03
+30.60000E-03,-4.59139444E+00,+10.67335E-03
+30.62500E-03,-4.59139444E+00,+10.67335E-03
+30.65000E-03,-4.59139444E+00,-1.88946E-03
+30.67500E-03,-4.79239947E+00,+3.13567E-03
+30.70000E-03,-4.79239947E+00,+3.13567E-03
+30.72500E-03,-4.66677132E+00,-9.42715E-03
+30.75000E-03,-4.79239947E+00,+10.67335E-03
+30.77500E-03,-4.79239947E+00,+3.13567E-03
+30.80000E-03,-4.79239947E+00,-9.42715E-03
+30.82500E-03,-4.79239947E+00,-1.88946E-03
+30.85000E-03,-4.79239947E+00,-1.88946E-03
+30.87500E-03,-4.99340449E+00,+10.67335E-03
+30.90000E-03,-4.99340449E+00,+10.67335E-03
+30.92500E-03,-4.99340449E+00,-9.42715E-03
+30.95000E-03,-4.99340449E+00,-9.42715E-03
+30.97500E-03,-5.06878138E+00,-9.42715E-03
+31.00000E-03,-4.99340449E+00,-1.88946E-03
+31.02500E-03,-5.19440952E+00,-14.45227E-03
+31.05000E-03,-5.11903263E+00,-9.42715E-03
+31.07500E-03,-5.19440952E+00,-1.88946E-03
+31.10000E-03,-5.19440952E+00,-1.88946E-03
+31.12500E-03,-5.19440952E+00,+10.67335E-03
+31.15000E-03,-5.26978640E+00,+3.13567E-03
+31.17500E-03,-5.26978640E+00,-9.42715E-03
+31.20000E-03,-5.39541455E+00,+10.67335E-03
+31.22500E-03,-5.32003766E+00,+3.13567E-03
+31.25000E-03,-5.52104269E+00,+3.13567E-03
+31.27500E-03,-5.39541455E+00,+10.67335E-03
+31.30000E-03,-5.47079143E+00,-1.88946E-03
+31.32500E-03,-5.39541455E+00,+10.67335E-03
+31.35000E-03,-5.47079143E+00,+10.67335E-03
+31.37500E-03,-5.59641957E+00,+10.67335E-03
+31.40000E-03,-5.47079143E+00,-9.42715E-03
+31.42500E-03,-5.59641957E+00,+3.13567E-03
+31.45000E-03,-5.59641957E+00,+3.13567E-03
+31.47500E-03,-5.72204771E+00,-9.42715E-03
+31.50000E-03,-5.67179646E+00,+10.67335E-03
+31.52500E-03,-5.72204771E+00,-1.88946E-03
+31.55000E-03,-5.72204771E+00,+10.67335E-03
+31.57500E-03,-5.79742460E+00,-9.42715E-03
+31.60000E-03,-5.79742460E+00,+3.13567E-03
+31.62500E-03,-5.87280148E+00,+10.67335E-03
+31.65000E-03,-5.79742460E+00,+3.13567E-03
+31.67500E-03,-5.79742460E+00,-1.88946E-03
+31.70000E-03,-5.92305274E+00,-1.88946E-03
+31.72500E-03,-5.79742460E+00,+10.67335E-03
+31.75000E-03,-5.87280148E+00,-9.42715E-03
+31.77500E-03,-5.99842963E+00,+3.13567E-03
+31.80000E-03,-5.99842963E+00,-9.42715E-03
+31.82500E-03,-5.99842963E+00,-9.42715E-03
+31.85000E-03,-5.99842963E+00,+3.13567E-03
+31.87500E-03,-6.04868088E+00,-9.42715E-03
+31.90000E-03,-6.12405777E+00,-9.42715E-03
+31.92500E-03,-5.99842963E+00,+3.13567E-03
+31.95000E-03,-6.07380651E+00,+10.67335E-03
+31.97500E-03,-6.07380651E+00,-9.42715E-03
+32.00000E-03,-6.12405777E+00,+3.13567E-03
+32.02500E-03,-6.12405777E+00,-9.42715E-03
+32.05000E-03,-6.07380651E+00,+3.13567E-03
+32.07500E-03,-6.19943465E+00,-1.88946E-03
+32.10000E-03,-6.19943465E+00,+10.67335E-03
+32.12500E-03,-6.19943465E+00,-9.42715E-03
+32.15000E-03,-6.19943465E+00,-1.88946E-03
+32.17500E-03,-6.19943465E+00,-9.42715E-03
+32.20000E-03,-6.19943465E+00,+3.13567E-03
+32.22500E-03,-6.19943465E+00,+10.67335E-03
+32.25000E-03,-6.32506279E+00,-9.42715E-03
+32.27500E-03,-6.19943465E+00,+10.67335E-03
+32.30000E-03,-6.19943465E+00,+10.67335E-03
+32.32500E-03,-6.40043968E+00,+10.67335E-03
+32.35000E-03,-6.40043968E+00,-9.42715E-03
+32.37500E-03,-6.27481154E+00,-9.42715E-03
+32.40000E-03,-6.40043968E+00,-9.42715E-03
+32.42500E-03,-6.40043968E+00,-1.88946E-03
+32.45000E-03,-6.40043968E+00,+10.67335E-03
+32.47500E-03,-6.40043968E+00,+10.67335E-03
+32.50000E-03,-6.40043968E+00,-1.88946E-03
+32.52500E-03,-6.40043968E+00,+10.67335E-03
+32.55000E-03,-6.40043968E+00,-1.88946E-03
+32.57500E-03,-6.40043968E+00,+10.67335E-03
+32.60000E-03,-6.47581656E+00,+3.13567E-03
+32.62500E-03,-6.52606782E+00,-9.42715E-03
+32.65000E-03,-6.52606782E+00,-1.88946E-03
+32.67500E-03,-6.40043968E+00,+10.67335E-03
+32.70000E-03,-6.52606782E+00,+10.67335E-03
+32.72500E-03,-6.47581656E+00,+3.13567E-03
+32.75000E-03,-6.52606782E+00,-9.42715E-03
+32.77500E-03,-6.40043968E+00,-1.88946E-03
+32.80000E-03,-6.52606782E+00,-9.42715E-03
+32.82500E-03,-6.60144471E+00,-9.42715E-03
+32.85000E-03,-6.60144471E+00,+10.67335E-03
+32.87500E-03,-6.60144471E+00,+10.67335E-03
+32.90000E-03,-6.40043968E+00,-9.42715E-03
+32.92500E-03,-6.60144471E+00,-1.88946E-03
+32.95000E-03,-6.52606782E+00,+10.67335E-03
+32.97500E-03,-6.60144471E+00,+3.13567E-03
+33.00000E-03,-6.47581656E+00,+3.13567E-03
+33.02500E-03,-6.60144471E+00,-9.42715E-03
+33.05000E-03,-6.60144471E+00,-9.42715E-03
+33.07500E-03,-6.60144471E+00,-9.42715E-03
+33.10000E-03,-6.52606782E+00,-1.88946E-03
+33.12500E-03,-6.60144471E+00,+3.13567E-03
+33.15000E-03,-6.60144471E+00,+10.67335E-03
+33.17500E-03,-6.60144471E+00,+3.13567E-03
+33.20000E-03,-6.60144471E+00,-9.42715E-03
+33.22500E-03,-6.60144471E+00,+10.67335E-03
+33.25000E-03,-6.60144471E+00,+10.67335E-03
+33.27500E-03,-6.60144471E+00,-9.42715E-03
+33.30000E-03,-6.60144471E+00,+3.13567E-03
+33.32500E-03,-6.60144471E+00,+3.13567E-03
+33.35000E-03,-6.47581656E+00,-1.88946E-03
+33.37500E-03,-6.60144471E+00,+3.13567E-03
+33.40000E-03,-6.60144471E+00,-1.88946E-03
+33.42500E-03,-6.60144471E+00,+10.67335E-03
+33.45000E-03,-6.60144471E+00,-1.88946E-03
+33.47500E-03,-6.47581656E+00,+10.67335E-03
+33.50000E-03,-6.60144471E+00,-1.88946E-03
+33.52500E-03,-6.60144471E+00,-1.88946E-03
+33.55000E-03,-6.47581656E+00,+10.67335E-03
+33.57500E-03,-6.60144471E+00,-9.42715E-03
+33.60000E-03,-6.60144471E+00,-1.88946E-03
+33.62500E-03,-6.47581656E+00,-1.88946E-03
+33.65000E-03,-6.60144471E+00,+3.13567E-03
+33.67500E-03,-6.60144471E+00,-1.88946E-03
+33.70000E-03,-6.40043968E+00,+3.13567E-03
+33.72500E-03,-6.52606782E+00,-9.42715E-03
+33.75000E-03,-6.40043968E+00,-1.88946E-03
+33.77500E-03,-6.47581656E+00,-1.88946E-03
+33.80000E-03,-6.47581656E+00,+10.67335E-03
+33.82500E-03,-6.52606782E+00,-9.42715E-03
+33.85000E-03,-6.47581656E+00,+10.67335E-03
+33.87500E-03,-6.47581656E+00,+10.67335E-03
+33.90000E-03,-6.40043968E+00,+10.67335E-03
+33.92500E-03,-6.52606782E+00,+10.67335E-03
+33.95000E-03,-6.40043968E+00,-9.42715E-03
+33.97500E-03,-6.40043968E+00,-9.42715E-03
+34.00000E-03,-6.40043968E+00,-1.88946E-03
+34.02500E-03,-6.19943465E+00,-1.88946E-03
+34.05000E-03,-6.40043968E+00,-9.42715E-03
+34.07500E-03,-6.32506279E+00,-1.88946E-03
+34.10000E-03,-6.40043968E+00,-1.88946E-03
+34.12500E-03,-6.19943465E+00,-1.88946E-03
+34.15000E-03,-6.32506279E+00,-1.88946E-03
+34.17500E-03,-6.19943465E+00,-9.42715E-03
+34.20000E-03,-6.32506279E+00,-9.42715E-03
+34.22500E-03,-6.40043968E+00,+10.67335E-03
+34.25000E-03,-6.19943465E+00,-1.88946E-03
+34.27500E-03,-6.19943465E+00,+3.13567E-03
+34.30000E-03,-6.19943465E+00,+3.13567E-03
+34.32500E-03,-6.19943465E+00,+3.13567E-03
+34.35000E-03,-6.19943465E+00,-9.42715E-03
+34.37500E-03,-6.19943465E+00,+3.13567E-03
+34.40000E-03,-6.19943465E+00,+10.67335E-03
+34.42500E-03,-6.19943465E+00,+3.13567E-03
+34.45000E-03,-6.19943465E+00,-1.88946E-03
+34.47500E-03,-5.99842963E+00,-1.88946E-03
+34.50000E-03,-6.07380651E+00,-9.42715E-03
+34.52500E-03,-6.12405777E+00,+10.67335E-03
+34.55000E-03,-5.99842963E+00,-9.42715E-03
+34.57500E-03,-5.99842963E+00,+10.67335E-03
+34.60000E-03,-5.99842963E+00,-1.88946E-03
+34.62500E-03,-5.99842963E+00,-9.42715E-03
+34.65000E-03,-5.99842963E+00,+3.13567E-03
+34.67500E-03,-5.92305274E+00,+10.67335E-03
+34.70000E-03,-5.87280148E+00,-1.88946E-03
+34.72500E-03,-5.99842963E+00,+10.67335E-03
+34.75000E-03,-5.92305274E+00,+10.67335E-03
+34.77500E-03,-5.79742460E+00,+10.67335E-03
+34.80000E-03,-5.87280148E+00,-9.42715E-03
+34.82500E-03,-5.79742460E+00,-1.88946E-03
+34.85000E-03,-5.79742460E+00,-9.42715E-03
+34.87500E-03,-5.79742460E+00,-9.42715E-03
+34.90000E-03,-5.79742460E+00,-1.88946E-03
+34.92500E-03,-5.72204771E+00,+10.67335E-03
+34.95000E-03,-5.67179646E+00,+3.13567E-03
+34.97500E-03,-5.72204771E+00,+10.67335E-03
+35.00000E-03,-5.59641957E+00,+3.13567E-03
+35.02500E-03,-5.67179646E+00,-9.42715E-03
+35.05000E-03,-5.47079143E+00,-9.42715E-03
+35.07500E-03,-5.59641957E+00,-9.42715E-03
+35.10000E-03,-5.59641957E+00,+10.67335E-03
+35.12500E-03,-5.59641957E+00,+10.67335E-03
+35.15000E-03,-5.52104269E+00,+3.13567E-03
+35.17500E-03,-5.47079143E+00,-1.88946E-03
+35.20000E-03,-5.47079143E+00,-9.42715E-03
+35.22500E-03,-5.59641957E+00,-9.42715E-03
+35.25000E-03,-5.39541455E+00,-9.42715E-03
+35.27500E-03,-5.39541455E+00,-9.42715E-03
+35.30000E-03,-5.39541455E+00,+3.13567E-03
+35.32500E-03,-5.19440952E+00,-1.88946E-03
+35.35000E-03,-5.19440952E+00,-1.88946E-03
+35.37500E-03,-5.32003766E+00,+3.13567E-03
+35.40000E-03,-5.19440952E+00,+3.13567E-03
+35.42500E-03,-5.19440952E+00,+3.13567E-03
+35.45000E-03,-5.19440952E+00,+10.67335E-03
+35.47500E-03,-5.06878138E+00,-1.88946E-03
+35.50000E-03,-5.19440952E+00,+3.13567E-03
+35.52500E-03,-5.19440952E+00,+10.67335E-03
+35.55000E-03,-4.99340449E+00,-9.42715E-03
+35.57500E-03,-4.99340449E+00,+10.67335E-03
+35.60000E-03,-4.99340449E+00,-9.42715E-03
+35.62500E-03,-4.79239947E+00,-1.88946E-03
+35.65000E-03,-4.86777635E+00,-9.42715E-03
+35.67500E-03,-4.79239947E+00,+10.67335E-03
+35.70000E-03,-4.91802761E+00,+10.67335E-03
+35.72500E-03,-4.79239947E+00,-9.42715E-03
+35.75000E-03,-4.79239947E+00,+3.13567E-03
+35.77500E-03,-4.79239947E+00,-9.42715E-03
+35.80000E-03,-4.79239947E+00,-9.42715E-03
+35.82500E-03,-4.79239947E+00,-1.88946E-03
+35.85000E-03,-4.79239947E+00,+3.13567E-03
+35.87500E-03,-4.59139444E+00,-9.42715E-03
+35.90000E-03,-4.59139444E+00,-9.42715E-03
+35.92500E-03,-4.59139444E+00,+3.13567E-03
+35.95000E-03,-4.39038941E+00,+3.13567E-03
+35.97500E-03,-4.39038941E+00,-9.42715E-03
